(A2)體育室 OPE,A2-001,A210603-1,[OPE0332],"['1', '一年級體育（女生組）']",['講義'],"['西洋劍與健康體能', '英語授課', '【男女合班】器材可向任課教師登記借用']",0,必修,['鄭匡佑'],['25/額滿'],[1]9~A,"['中正堂', '中正堂東側']",http://class-qry.acad.ncku.edu.tw/syllabus/syllabus.php?syear=0108&sem=2&co_no=A210603&class_code=1
(A2)體育室 OPE,A2-002,A211300-1,[OPE0335],"['1', '一年級體育（女生組）']",['講義'],"['桌球與健康體能', '【男女合班】球具自備']",0,必修,['邱宏達'],['20/額滿'],[2]7~8,"['成大綜合體育館', '體育館桌球場']",http://class-qry.acad.ncku.edu.tw/syllabus/syllabus.php?syear=0108&sem=2&co_no=A211300&class_code=1
(A2)體育室 OPE,A2-003,A211300-3,[OPE0335],"['1', '一年級體育（女生組）']",['講義'],"['桌球與健康體能', '【男女合班】球具自備']",0,必修,['邱宏達'],['23/額滿'],[4]7~8,"['成大綜合體育館', '體育館桌球場']",http://class-qry.acad.ncku.edu.tw/syllabus/syllabus.php?syear=0108&sem=2&co_no=A211300&class_code=3
(A2)體育室 OPE,A2-004,A211300-5,[OPE0335],"['1', '一年級體育（女生組）']",['講義'],"['桌球與健康體能', '【男女合班】球具自備']",0,必修,['徐珊惠'],['23/1'],[5]7~8,"['成大綜合體育館', '體育館桌球場']",http://class-qry.acad.ncku.edu.tw/syllabus/syllabus.php?syear=0108&sem=2&co_no=A211300&class_code=5
(A2)體育室 OPE,A2-005,A211300-7,[OPE0335],"['1', '一年級體育（女生組）']",['講義'],"['桌球與健康體能', '【男女合班】球具自備']",0,必修,['陳敬能'],['18/2'],[1]7~8,"['成大綜合體育館', '體育館桌球場']",http://class-qry.acad.ncku.edu.tw/syllabus/syllabus.php?syear=0108&sem=2&co_no=A211300&class_code=7
(A2)體育室 OPE,A2-010,A211200-5,[OPE0334],"['1', '一年級體育（女生組）']",['講義'],"['羽球與健康體能', '【男女合班】球具自備']",0,必修,['黃鈴雯'],['25/額滿'],[5]7~8,"['成大綜合體育館', '體育館羽球場']",http://class-qry.acad.ncku.edu.tw/syllabus/syllabus.php?syear=0108&sem=2&co_no=A211200&class_code=5
(A2)體育室 OPE,A2-011,A211200-6,[OPE0334],['一年級體育（女生組）'],['講義'],"['羽球與健康體能', '男女合班', '球具自備']",0,必修,['黃鈴雯'],['12/額滿'],[2]3~4,"['成大綜合體育館', '體育館羽球場']",http://class-qry.acad.ncku.edu.tw/syllabus/syllabus.php?syear=0108&sem=2&co_no=A211200&class_code=6
(A2)體育室 OPE,A2-012,A211500-1,[OPE0337],"['1', '一年級體育（女生組）']",['講義'],"['硬網與健康體能', '球具自備']",0,必修,['王苓華'],['36/11'],[2]7~8,"['敬業網球場', '敬業網球場']",http://class-qry.acad.ncku.edu.tw/syllabus/syllabus.php?syear=0108&sem=2&co_no=A211500&class_code=1
(A2)體育室 OPE,A2-013,A211500-2,[OPE0337],"['1', '一年級體育（女生組）']",['講義'],"['硬網與健康體能', '球具自備']",0,必修,['王苓華'],['37/9'],[3]7~8,"['敬業網球場', '敬業網球場']",http://class-qry.acad.ncku.edu.tw/syllabus/syllabus.php?syear=0108&sem=2&co_no=A211500&class_code=2
(A2)體育室 OPE,A2-015,A211400,[OPE0336],"['1', '一年級體育（女生組）']",['講義'],"['軟網與健康體能', '球具自備']",0,必修,['王苓華'],['28/18'],[1]7~8,"['敬業網球場', '敬業網球場']",http://class-qry.acad.ncku.edu.tw/syllabus/syllabus.php?syear=0108&sem=2&co_no=A211400&class_code=
(A2)體育室 OPE,A2-016,A214500,[OPE0356],"['1', '一年級體育（女生組）']",['講義'],"['瑜伽與健康體能', '大毛巾或鋪布自備']",0,必修,['洪甄憶'],['46/1'],[2]7~8,"['健休韻律教室', '健休韻律教室']",http://class-qry.acad.ncku.edu.tw/syllabus/syllabus.php?syear=0108&sem=2&co_no=A214500&class_code=
(A2)體育室 OPE,A2-017,A211700-2,[OPE0339],"['1', '一年級體育（女生組）']",['講義'],"['水中有氧與健康體能', '泳具自備']",0,必修,['高華君'],['33/13'],[3]7~8,"['成大綜合體育館', '體育館游泳池']",http://class-qry.acad.ncku.edu.tw/syllabus/syllabus.php?syear=0108&sem=2&co_no=A211700&class_code=2
(A2)體育室 OPE,A2-019,A212200-1,[OPE0344],"['1', '一年級體育（女生組）']",['講義'],['健康有氧與健康體能'],0,必修,['洪甄憶'],['48/額滿'],[1]7~8,"['健休體適能', '健休體適能']",http://class-qry.acad.ncku.edu.tw/syllabus/syllabus.php?syear=0108&sem=2&co_no=A212200&class_code=1
(A2)體育室 OPE,A2-021,A211800,[OPE0340],"['1', '一年級體育（女生組）']",['講義'],['體適能運動與健康體能'],0,必修,['周學雯'],['23/23'],[2]3~4,"['健休體適能', '健休體適能']",http://class-qry.acad.ncku.edu.tw/syllabus/syllabus.php?syear=0108&sem=2&co_no=A211800&class_code=
(A2)體育室 OPE,A2-022,A212200-3,[OPE0344],"['1', '一年級體育（女生組）']",['講義'],"['健康有氧與健康體能', '【男女合班】']",0,必修,['林麗娟'],['20/額滿'],[2]7~8,"['健休體適能', '健休體適能']",http://class-qry.acad.ncku.edu.tw/syllabus/syllabus.php?syear=0108&sem=2&co_no=A212200&class_code=3
(A2)體育室 OPE,A2-023,A215200-1,[OPE0375],"['1', '一年級體育（女生組）']",['講義'],"['健走與健康體能', '【男女合班】']",0,必修,['徐珊惠'],['24/1'],[4]7~8,"['健休體適能', '健休體適能']",http://class-qry.acad.ncku.edu.tw/syllabus/syllabus.php?syear=0108&sem=2&co_no=A215200&class_code=1
(A2)體育室 OPE,A2-024,A211800-4,[OPE0340],"['1', '一年級體育（女生組）']",['講義'],['體適能運動與健康體能'],0,必修,['周學雯'],['46/額滿'],[4]5~6,"['健休體適能', '健休體適能']",http://class-qry.acad.ncku.edu.tw/syllabus/syllabus.php?syear=0108&sem=2&co_no=A211800&class_code=4
(A2)體育室 OPE,A2-025,A211800-1,[OPE0340],"['1', '一年級體育（女生組）']",['講義'],"['體適能運動與健康體能', '【男女合班】']",0,必修,['黃鴻鈞'],['25/額滿'],[5]7~8,"['健休體適能', '健休體適能']",http://class-qry.acad.ncku.edu.tw/syllabus/syllabus.php?syear=0108&sem=2&co_no=A211800&class_code=1
(A2)體育室 OPE,A2-026,A215600-1,[OPE0390],['一年級體育（女生組）'],['講義'],"['橄欖球與健康體能', '男女合班']",0,必修,['莊博堯'],['15/5'],[3]7~8,"['自強橄欖球場', '自強橄欖球場']",http://class-qry.acad.ncku.edu.tw/syllabus/syllabus.php?syear=0108&sem=2&co_no=A215600&class_code=1
(A2)體育室 OPE,A2-031,A215400-1,[OPE0357],"['1', '一年級體育（女生組）']",['講義'],"['拳擊有氧與健康體能', '【男女合班】']",0,必修,['許又文'],['22/2'],[3]7~8,"['健休韻律教室', '健休韻律教室']",http://class-qry.acad.ncku.edu.tw/syllabus/syllabus.php?syear=0108&sem=2&co_no=A215400&class_code=1
(A2)體育室 OPE,A2-032,A215800-1,[OPE0381],"['1', '一年級體育（女生組）']",['講義'],"['飛輪有氧與健康體能', '【男女合班】']",0,必修,['彭怡千'],['19/額滿'],[3]7~8,"['飛輪教室', '飛輪教室']",http://class-qry.acad.ncku.edu.tw/syllabus/syllabus.php?syear=0108&sem=2&co_no=A215800&class_code=1
(A2)體育室 OPE,A2-033,A215800-3,[OPE0381],"['1', '一年級體育（女生組）']",['講義'],"['飛輪有氧與健康體能', '【男女合班】']",0,必修,['林麗娟'],['19/額滿'],[4]7~8,"['飛輪教室', '飛輪教室']",http://class-qry.acad.ncku.edu.tw/syllabus/syllabus.php?syear=0108&sem=2&co_no=A215800&class_code=3
(A2)體育室 OPE,A2-034,A215800-5,[OPE0381],"['1', '一年級體育（女生組）']",['講義'],['飛輪有氧與健康體能'],0,必修,['林欣仕'],['37/額滿'],[5]7~8,"['飛輪教室', '飛輪教室']",http://class-qry.acad.ncku.edu.tw/syllabus/syllabus.php?syear=0108&sem=2&co_no=A215800&class_code=5
(A2)體育室 OPE,A2-036,A212100-3,[OPE0343],"['1', '一年級體育（女生組）']",['講義'],"['游泳與健康體能', '泳具自備']",0,必修,['周學雯'],['37/9'],[1]7~8,"['成大綜合體育館', '體育館游泳池']",http://class-qry.acad.ncku.edu.tw/syllabus/syllabus.php?syear=0108&sem=2&co_no=A212100&class_code=3
(A2)體育室 OPE,A2-037,A212100-2,[OPE0343],"['1', '一年級體育（女生組）']",['講義'],"['游泳與健康體能', '泳具自備']",0,必修,['周學雯'],['31/15'],[5]7~8,"['成大綜合體育館', '體育館游泳池']",http://class-qry.acad.ncku.edu.tw/syllabus/syllabus.php?syear=0108&sem=2&co_no=A212100&class_code=2
(A2)體育室 OPE,A2-038,A210400-1,[OPE0330],"['1', '一年級體育（女生組）']",['講義'],"['國術與健康體能', '【男女合班】需穿著室內（乾淨）運動鞋']",0,必修,['鄭匡佑'],['21/額滿'],[1]7~8,"['健休韻律教室', '健休韻律教室']",http://class-qry.acad.ncku.edu.tw/syllabus/syllabus.php?syear=0108&sem=2&co_no=A210400&class_code=1
(A2)體育室 OPE,A2-039,A218200-1,[OPE0331],"['1', '一年級體育（女生組）']",['講義'],"['防身術與健康體能', '【男女合班】需穿著室內（乾淨）運動鞋']",0,必修,['許又文'],['24/額滿'],[5]5~6,"['健休韻律教室', '健休韻律教室']",http://class-qry.acad.ncku.edu.tw/syllabus/syllabus.php?syear=0108&sem=2&co_no=A218200&class_code=1
(A2)體育室 OPE,A2-040,A218200-3,[OPE0331],['一年級體育（女生組）'],['講義'],"['防身術與健康體能', '【男女合班】需穿著室內（乾淨）運動鞋']",0,必修,['許又文'],['23/額滿'],[1]5~6,"['健休韻律教室', '健休韻律教室']",http://class-qry.acad.ncku.edu.tw/syllabus/syllabus.php?syear=0108&sem=2&co_no=A218200&class_code=3
(A2)體育室 OPE,A2-041,A212500-12,[OPE0346],['一年級體育（女生組）'],['講義'],"['籃球與健康體能', '男女合班']",0,必修,['林欣仕'],['25/額滿'],[3]7~8,"['光復籃球高場', '光復籃球高場']",http://class-qry.acad.ncku.edu.tw/syllabus/syllabus.php?syear=0108&sem=2&co_no=A212500&class_code=12
(A2)體育室 OPE,A2-042,A211900-5,[OPE0341],"['1', '一年級體育（女生組）']",['講義'],"['排球與健康體能', '【男女合班】']",0,必修,['黃鈴雯'],['24/額滿'],[3]7~8,"['光復排球場', '光復排球場']",http://class-qry.acad.ncku.edu.tw/syllabus/syllabus.php?syear=0108&sem=2&co_no=A211900&class_code=5
(A2)體育室 OPE,A2-043,A211900-1,[OPE0341],"['1', '一年級體育（女生組）']",['講義'],['排球與健康體能'],0,必修,['黃賢哲'],['49/額滿'],[5]7~8,"['中正堂', '中正堂綜合球場']",http://class-qry.acad.ncku.edu.tw/syllabus/syllabus.php?syear=0108&sem=2&co_no=A211900&class_code=1
(A2)體育室 OPE,A2-044,A211600,[OPE0338],"['1', '一年級體育（女生組）']",['講義'],"['韻律與健康體能', '需穿著室內乾淨運動鞋']",0,必修,['高華君'],['46/1'],[2]7~8,"['自強韻律室', '自強韻律室']",http://class-qry.acad.ncku.edu.tw/syllabus/syllabus.php?syear=0108&sem=2&co_no=A211600&class_code=
(A2)體育室 OPE,A2-046,A212500-11,[OPE0346],"['1', '一年級體育（女生組）']",['講義'],"['籃球與健康體能', '【男女合班】']",0,必修,['林欣仕'],['23/額滿'],[3]9~A,"['光復籃球高場', '光復籃球高場']",http://class-qry.acad.ncku.edu.tw/syllabus/syllabus.php?syear=0108&sem=2&co_no=A212500&class_code=11
(A2)體育室 OPE,A2-047,A212500-1,[OPE0346],"['1', '一年級體育（女生組）']",['講義'],"['籃球與健康體能', '【男女合班】']",0,必修,['林欣仕'],['25/額滿'],[2]9~A,"['光復籃球高場', '光復籃球高場']",http://class-qry.acad.ncku.edu.tw/syllabus/syllabus.php?syear=0108&sem=2&co_no=A212500&class_code=1
(A2)體育室 OPE,A2-101,A210603-2,[OPE0332],"['1', '一年級體育（男生組）']",['講義'],"['西洋劍與健康體能', '英語授課', '【男女合班】器材可向任課教師登記借用']",0,必修,['鄭匡佑'],['29/額滿'],[1]9~A,"['中正堂', '中正堂東側']",http://class-qry.acad.ncku.edu.tw/syllabus/syllabus.php?syear=0108&sem=2&co_no=A210603&class_code=2
(A2)體育室 OPE,A2-102,A211300-2,[OPE0335],"['1', '一年級體育（男生組）']",['講義'],"['桌球與健康體能', '【男女合班】球具自備']",0,必修,['邱宏達'],['29/額滿'],[2]7~8,"['成大綜合體育館', '體育館桌球場']",http://class-qry.acad.ncku.edu.tw/syllabus/syllabus.php?syear=0108&sem=2&co_no=A211300&class_code=2
(A2)體育室 OPE,A2-103,A211300-4,[OPE0335],"['1', '一年級體育（男生組）']",['講義'],"['桌球與健康體能', '【男女合班】球具自備']",0,必修,['邱宏達'],['25/額滿'],[4]7~8,"['成大綜合體育館', '體育館桌球場']",http://class-qry.acad.ncku.edu.tw/syllabus/syllabus.php?syear=0108&sem=2&co_no=A211300&class_code=4
(A2)體育室 OPE,A2-104,A211300-6,[OPE0335],"['1', '一年級體育（男生組）']",['講義'],"['桌球與健康體能', '【男女合班】球具自備']",0,必修,['徐珊惠'],['24/額滿'],[5]7~8,"['成大綜合體育館', '體育館桌球場']",http://class-qry.acad.ncku.edu.tw/syllabus/syllabus.php?syear=0108&sem=2&co_no=A211300&class_code=6
(A2)體育室 OPE,A2-105,A211300-8,[OPE0335],"['1', '一年級體育（男生組）']",['講義'],"['桌球與健康體能', '【男女合班】球具自備']",0,必修,['陳敬能'],['28/額滿'],[1]7~8,"['成大綜合體育館', '體育館桌球場']",http://class-qry.acad.ncku.edu.tw/syllabus/syllabus.php?syear=0108&sem=2&co_no=A211300&class_code=8
(A2)體育室 OPE,A2-107,A211200-3,[OPE0334],"['1', '一年級體育（男生組）']",['講義'],"['羽球與健康體能', '球具自備']",0,必修,['馬上鈞'],['51/額滿'],[3]7~8,"['成大綜合體育館', '體育館羽球場']",http://class-qry.acad.ncku.edu.tw/syllabus/syllabus.php?syear=0108&sem=2&co_no=A211200&class_code=3
(A2)體育室 OPE,A2-108,A211200-1,[OPE0334],"['3', '一年級體育（男生組）']",['講義'],"['羽球與健康體能', '球具自備']",0,必修,['黃鈴雯'],['48/1'],[2]7~8,"['成大綜合體育館', '體育館羽球場']",http://class-qry.acad.ncku.edu.tw/syllabus/syllabus.php?syear=0108&sem=2&co_no=A211200&class_code=1
(A2)體育室 OPE,A2-109,A211200-2,[OPE0334],"['1', '一年級體育（男生組）']",['講義'],"['羽球與健康體能', '球具自備']",0,必修,['蔡佳良'],['50/額滿'],[4]7~8,"['成大綜合體育館', '體育館羽球場']",http://class-qry.acad.ncku.edu.tw/syllabus/syllabus.php?syear=0108&sem=2&co_no=A211200&class_code=2
(A2)體育室 OPE,A2-110,A211200-4,[OPE0334],"['1', '一年級體育（男生組）']",['講義'],"['羽球與健康體能', '【男女合班】球具自備']",0,必修,['黃鈴雯'],['25/額滿'],[5]7~8,"['成大綜合體育館', '體育館羽球場']",http://class-qry.acad.ncku.edu.tw/syllabus/syllabus.php?syear=0108&sem=2&co_no=A211200&class_code=4
(A2)體育室 OPE,A2-111,A211200-7,[OPE0334],['一年級體育（男生組）'],['講義'],"['羽球與健康體能', '男女合班', '球具自備']",0,必修,['黃鈴雯'],['38/額滿'],[2]3~4,"['成大綜合體育館', '體育館羽球場']",http://class-qry.acad.ncku.edu.tw/syllabus/syllabus.php?syear=0108&sem=2&co_no=A211200&class_code=7
(A2)體育室 OPE,A2-112,A211500-4,[OPE0337],"['1', '一年級體育（男生組）']",['講義'],"['硬網與健康體能', '球具自備']",0,必修,['馬上鈞'],['48/2'],[5]7~8,"['敬業網球場', '敬業網球場']",http://class-qry.acad.ncku.edu.tw/syllabus/syllabus.php?syear=0108&sem=2&co_no=A211500&class_code=4
(A2)體育室 OPE,A2-113,A211500-5,[OPE0337],"['1', '一年級體育（男生組）']",['講義'],"['硬網與健康體能', '球具自備']",0,必修,['李劍如'],['45/3'],[4]7~8,"['敬業網球場', '敬業網球場']",http://class-qry.acad.ncku.edu.tw/syllabus/syllabus.php?syear=0108&sem=2&co_no=A211500&class_code=5
(A2)體育室 OPE,A2-115,A212400-1,[OPE0345],"['1', '一年級體育（男生組）']",['講義'],"['壘球與健康體能', '手套自備']",0,必修,['謝孟志'],['31/額滿'],[2]7~8,"['自強壘球場', '自強壘球場']",http://class-qry.acad.ncku.edu.tw/syllabus/syllabus.php?syear=0108&sem=2&co_no=A212400&class_code=1
(A2)體育室 OPE,A2-116,A212400-2,[OPE0345],"['1', '一年級體育（男生組）']",['講義'],"['壘球與健康體能', '手套自備']",0,必修,['謝孟志'],['22/8'],[3]7~8,"['自強壘球場', '自強壘球場']",http://class-qry.acad.ncku.edu.tw/syllabus/syllabus.php?syear=0108&sem=2&co_no=A212400&class_code=2
(A2)體育室 OPE,A2-122,A212200-4,[OPE0344],"['1', '一年級體育（男生組）']",['講義'],"['健康有氧與健康體能', '【男女合班】']",0,必修,['林麗娟'],['27/額滿'],[2]7~8,"['健休體適能', '健休體適能']",http://class-qry.acad.ncku.edu.tw/syllabus/syllabus.php?syear=0108&sem=2&co_no=A212200&class_code=4
(A2)體育室 OPE,A2-123,A215200-2,[OPE0375],"['1', '一年級體育（男生組）']",['講義'],"['健走與健康體能', '【男女合班】']",0,必修,['徐珊惠'],['24/額滿'],[4]7~8,"['健休體適能', '健休體適能']",http://class-qry.acad.ncku.edu.tw/syllabus/syllabus.php?syear=0108&sem=2&co_no=A215200&class_code=2
(A2)體育室 OPE,A2-124,A211800-3,[OPE0340],"['1', '一年級體育（男生組）']",['講義'],['體適能運動與健康體能'],0,必修,['黃賢哲'],['27/19'],[3]7~8,"['健休體適能', '健休體適能']",http://class-qry.acad.ncku.edu.tw/syllabus/syllabus.php?syear=0108&sem=2&co_no=A211800&class_code=3
(A2)體育室 OPE,A2-125,A211800-2,[OPE0340],"['1', '一年級體育（男生組）']",['講義'],"['體適能運動與健康體能', '【男女合班】']",0,必修,['黃鴻鈞'],['22/2'],[5]7~8,"['健休體適能', '健休體適能']",http://class-qry.acad.ncku.edu.tw/syllabus/syllabus.php?syear=0108&sem=2&co_no=A211800&class_code=2
(A2)體育室 OPE,A2-126,A215600-2,[OPE0390],['一年級體育（男生組）'],['講義'],"['橄欖球與健康體能', '男女合班']",0,必修,['莊博堯'],['24/6'],[3]7~8,"['自強橄欖球場', '自強橄欖球場']",http://class-qry.acad.ncku.edu.tw/syllabus/syllabus.php?syear=0108&sem=2&co_no=A215600&class_code=2
(A2)體育室 OPE,A2-127,A213000-3,[OPE0349],"['1', '一年級體育（男生組）']",['講義'],['健訓與健康體能'],0,必修,['王駿濠'],['42/4'],[3]7~8,"['光操健訓室', '光操健訓室']",http://class-qry.acad.ncku.edu.tw/syllabus/syllabus.php?syear=0108&sem=2&co_no=A213000&class_code=3
(A2)體育室 OPE,A2-128,A213000-4,[OPE0349],"['1', '一年級體育（男生組）']",['講義'],['健訓與健康體能'],0,必修,['彭怡千'],['47/額滿'],[2]7~8,"['光操健訓室', '光操健訓室']",http://class-qry.acad.ncku.edu.tw/syllabus/syllabus.php?syear=0108&sem=2&co_no=A213000&class_code=4
(A2)體育室 OPE,A2-129,A213000-5,[OPE0349],"['1', '一年級體育（男生組）']",['講義'],['健訓與健康體能'],0,必修,['彭怡千'],['46/1'],[4]7~8,"['光操健訓室', '光操健訓室']",http://class-qry.acad.ncku.edu.tw/syllabus/syllabus.php?syear=0108&sem=2&co_no=A213000&class_code=5
(A2)體育室 OPE,A2-130,A213000,[OPE0349],['一年級體育（男生組）'],['講義'],['健訓與健康體能'],0,必修,['莊博堯'],['48/1'],[5]7~8,"['光操健訓室', '光操健訓室']",http://class-qry.acad.ncku.edu.tw/syllabus/syllabus.php?syear=0108&sem=2&co_no=A213000&class_code=
(A2)體育室 OPE,A2-131,A215400-2,[OPE0357],"['1', '一年級體育（男生組）']",['講義'],"['拳擊有氧與健康體能', '【男女合班】']",0,必修,['許又文'],['23/額滿'],[3]7~8,"['健休韻律教室', '健休韻律教室']",http://class-qry.acad.ncku.edu.tw/syllabus/syllabus.php?syear=0108&sem=2&co_no=A215400&class_code=2
(A2)體育室 OPE,A2-132,A215800-2,[OPE0381],"['1', '一年級體育（男生組）']",['講義'],"['飛輪有氧與健康體能', '【男女合班】']",0,必修,['彭怡千'],['18/額滿'],[3]7~8,"['飛輪教室', '飛輪教室']",http://class-qry.acad.ncku.edu.tw/syllabus/syllabus.php?syear=0108&sem=2&co_no=A215800&class_code=2
(A2)體育室 OPE,A2-133,A215800-4,[OPE0381],"['1', '一年級體育（男生組）']",['講義'],"['飛輪有氧與健康體能', '【男女合班】']",0,必修,['林麗娟'],['18/額滿'],[4]7~8,"['飛輪教室', '飛輪教室']",http://class-qry.acad.ncku.edu.tw/syllabus/syllabus.php?syear=0108&sem=2&co_no=A215800&class_code=4
(A2)體育室 OPE,A2-134,A215800-6,[OPE0381],"['1', '一年級體育（男生組）']",['講義'],['飛輪有氧與健康體能'],0,必修,['林欣仕'],['37/額滿'],[1]9~A,"['飛輪教室', '飛輪教室']",http://class-qry.acad.ncku.edu.tw/syllabus/syllabus.php?syear=0108&sem=2&co_no=A215800&class_code=6
(A2)體育室 OPE,A2-135,A218500-3,[OPE0384],"['1', '一年級體育（男生組）']",['講義'],['長距離跑與健康體能'],0,必修,['黃滄海'],['41/5'],[4]7~8,"['光操視聽室', '光操視聽室']",http://class-qry.acad.ncku.edu.tw/syllabus/syllabus.php?syear=0108&sem=2&co_no=A218500&class_code=3
(A2)體育室 OPE,A2-137,A212500-14,[OPE0346],"['1', '一年級體育（男生組）']",['講義'],['籃球與健康體能'],0,必修,['李劍如'],['45/1'],[2]7~8,"['光復籃球高場', '光復籃球高場']",http://class-qry.acad.ncku.edu.tw/syllabus/syllabus.php?syear=0108&sem=2&co_no=A212500&class_code=14
(A2)體育室 OPE,A2-138,A210400-2,[OPE0330],"['1', '一年級體育（男生組）']",['講義'],"['國術與健康體能', '【男女合班】需穿著室內（乾淨）運動鞋']",0,必修,['鄭匡佑'],['23/2'],[1]7~8,"['健休韻律教室', '健休韻律教室']",http://class-qry.acad.ncku.edu.tw/syllabus/syllabus.php?syear=0108&sem=2&co_no=A210400&class_code=2
(A2)體育室 OPE,A2-139,A218200-2,[OPE0331],"['1', '一年級體育（男生組）']",['講義'],"['防身術與健康體能', '【男女合班】需穿著室內（乾淨）運動鞋']",0,必修,['許又文'],['23/額滿'],[5]5~6,"['健休韻律教室', '健休韻律教室']",http://class-qry.acad.ncku.edu.tw/syllabus/syllabus.php?syear=0108&sem=2&co_no=A218200&class_code=2
(A2)體育室 OPE,A2-140,A218200-4,[OPE0331],['一年級體育（男生組）'],['講義'],"['防身術與健康體能', '男女合班']",0,必修,['許又文'],['24/1'],[1]5~6,"['健休韻律教室', '健休韻律教室']",http://class-qry.acad.ncku.edu.tw/syllabus/syllabus.php?syear=0108&sem=2&co_no=A218200&class_code=4
(A2)體育室 OPE,A2-141,A212500-13,[OPE0346],['一年級體育（男生組）'],['講義'],"['籃球與健康體能', '男女合班']",0,必修,['林欣仕'],['24/1'],[3]7~8,"['光復籃球高場', '光復籃球高場']",http://class-qry.acad.ncku.edu.tw/syllabus/syllabus.php?syear=0108&sem=2&co_no=A212500&class_code=13
(A2)體育室 OPE,A2-142,A211900-6,[OPE0341],"['1', '一年級體育（男生組）']",['講義'],"['排球與健康體能', '【男女合班】']",0,必修,['黃鈴雯'],['26/額滿'],[3]7~8,"['光復排球場', '光復排球場']",http://class-qry.acad.ncku.edu.tw/syllabus/syllabus.php?syear=0108&sem=2&co_no=A211900&class_code=6
(A2)體育室 OPE,A2-144,A211900-2,[OPE0341],"['1', '一年級體育（男生組）']",['講義'],['排球與健康體能'],0,必修,['黃鴻鈞'],['49/1'],[1]7~8,"['光復排球場', '光復排球場']",http://class-qry.acad.ncku.edu.tw/syllabus/syllabus.php?syear=0108&sem=2&co_no=A211900&class_code=2
(A2)體育室 OPE,A2-145,A211900-3,[OPE0341],"['1', '一年級體育（男生組）']",['講義'],['排球與健康體能'],0,必修,['黃鴻鈞'],['49/1'],[2]7~8,"['光復排球場', '光復排球場']",http://class-qry.acad.ncku.edu.tw/syllabus/syllabus.php?syear=0108&sem=2&co_no=A211900&class_code=3
(A2)體育室 OPE,A2-146,A212500-10,[OPE0346],"['3', '一年級體育（男生組）']",['講義'],"['籃球與健康體能', '【男女合班】']",0,必修,['林欣仕'],['28/額滿'],[3]9~A,"['光復籃球高場', '光復籃球高場']",http://class-qry.acad.ncku.edu.tw/syllabus/syllabus.php?syear=0108&sem=2&co_no=A212500&class_code=10
(A2)體育室 OPE,A2-147,A212500-2,[OPE0346],"['1', '一年級體育（男生組）']",['講義'],"['籃球與健康體能', '【男女合班】']",0,必修,['林欣仕'],['26/額滿'],[2]9~A,"['光復籃球高場', '光復籃球高場']",http://class-qry.acad.ncku.edu.tw/syllabus/syllabus.php?syear=0108&sem=2&co_no=A212500&class_code=2
(A2)體育室 OPE,A2-148,A212500-3,[OPE0346],"['1', '一年級體育（男生組）']",['講義'],['籃球與健康體能'],0,必修,['黃彥慈'],['46/1'],[2]7~8,"['光復籃球低場', '光復籃球低場']",http://class-qry.acad.ncku.edu.tw/syllabus/syllabus.php?syear=0108&sem=2&co_no=A212500&class_code=3
(A2)體育室 OPE,A2-149,A212500-4,[OPE0346],"['1', '一年級體育（男生組）']",['講義'],['籃球與健康體能'],0,必修,['黃彥慈'],['47/額滿'],[4]7~8,"['光復籃球低場', '光復籃球低場']",http://class-qry.acad.ncku.edu.tw/syllabus/syllabus.php?syear=0108&sem=2&co_no=A212500&class_code=4
(A2)體育室 OPE,A2-150,A212500-5,[OPE0346],"['1', '一年級體育（男生組）']",['講義'],['籃球與健康體能'],0,必修,['李劍如'],['34/13'],[3]7~8,"['光復籃球低場', '光復籃球低場']",http://class-qry.acad.ncku.edu.tw/syllabus/syllabus.php?syear=0108&sem=2&co_no=A212500&class_code=5
(A2)體育室 OPE,A2-151,A212500-6,[OPE0346],"['1', '一年級體育（男生組）']",['講義'],['籃球與健康體能'],0,必修,['謝孟志'],['47/額滿'],[4]7~8,"['光復籃球高場', '光復籃球高場']",http://class-qry.acad.ncku.edu.tw/syllabus/syllabus.php?syear=0108&sem=2&co_no=A212500&class_code=6
(A2)體育室 OPE,A2-152,A212500-7,[OPE0346],"['1', '一年級體育（男生組）']",['講義'],['籃球與健康體能'],0,必修,['潘慧雯'],['45/2'],[1]7~8,"['光復籃球低場', '光復籃球低場']",http://class-qry.acad.ncku.edu.tw/syllabus/syllabus.php?syear=0108&sem=2&co_no=A212500&class_code=7
(A2)體育室 OPE,A2-153,A212500-8,[OPE0346],"['1', '一年級體育（男生組）']",['講義'],['籃球與健康體能'],0,必修,['潘慧雯'],['46/1'],[4]9~A,"['光復籃球高場', '光復籃球高場']",http://class-qry.acad.ncku.edu.tw/syllabus/syllabus.php?syear=0108&sem=2&co_no=A212500&class_code=8
(A2)體育室 OPE,A2-154,A212500-9,[OPE0346],"['1', '一年級體育（男生組）']",['講義'],['籃球與健康體能'],0,必修,['潘慧雯'],['43/4'],[5]7~8,"['光復籃球低場', '光復籃球低場']",http://class-qry.acad.ncku.edu.tw/syllabus/syllabus.php?syear=0108&sem=2&co_no=A212500&class_code=9
(A2)體育室 OPE,A2-158,A218500-1,[OPE0384],"['1', '一年級體育（男生組）']",['講義'],['長距離跑與健康體能'],0,必修,['黃滄海'],['26/21'],[1]7~8,"['光操視聽室', '光操視聽室']",http://class-qry.acad.ncku.edu.tw/syllabus/syllabus.php?syear=0108&sem=2&co_no=A218500&class_code=1
(A2)體育室 OPE,A2-159,A218500-2,[OPE0384],"['1', '一年級體育（男生組）']",['講義'],['長距離跑與健康體能'],0,必修,['黃滄海'],['46/1'],[2]7~8,"['光操視聽室', '光操視聽室']",http://class-qry.acad.ncku.edu.tw/syllabus/syllabus.php?syear=0108&sem=2&co_no=A218500&class_code=2
(A2)體育室 OPE,A2-201,A220210-1,[OPE0006],"['2', '二年級體育（女生組）']",['講義'],"['桌球（男女）', '【男女合班】球具自備']",0,必修,['邱宏達'],['23/額滿'],[2]5~6,"['成大綜合體育館', '體育館桌球場']",http://class-qry.acad.ncku.edu.tw/syllabus/syllabus.php?syear=0108&sem=2&co_no=A220210&class_code=1
(A2)體育室 OPE,A2-202,A220210-3,[OPE0006],"['2', '二年級體育（女生組）']",['講義'],"['桌球（男女）', '【男女合班】球具自備']",0,必修,['徐珊惠'],['3/13'],[4]3~4,"['成大綜合體育館', '體育館桌球場']",http://class-qry.acad.ncku.edu.tw/syllabus/syllabus.php?syear=0108&sem=2&co_no=A220210&class_code=3
(A2)體育室 OPE,A2-203,A220210-5,[OPE0006],"['2', '二年級體育（女生組）']",['講義'],"['桌球（男女）', '【男女合班】球具自備']",0,必修,['徐珊惠'],['15/1'],[4]5~6,"['成大綜合體育館', '體育館桌球場']",http://class-qry.acad.ncku.edu.tw/syllabus/syllabus.php?syear=0108&sem=2&co_no=A220210&class_code=5
(A2)體育室 OPE,A2-204,A220210-7,[OPE0006],"['2', '二年級體育（女生組）']",['講義'],"['桌球（男女）', '【男女合班】球具自備']",0,必修,['徐珊惠'],['15/1'],[5]5~6,"['成大綜合體育館', '體育館桌球場']",http://class-qry.acad.ncku.edu.tw/syllabus/syllabus.php?syear=0108&sem=2&co_no=A220210&class_code=7
(A2)體育室 OPE,A2-205,A220210-9,[OPE0006],"['2', '二年級體育（女生組）']",['講義'],"['桌球（男女）', '【男女合班】球具自備']",0,必修,['陳敬能'],['22/額滿'],[1]5~6,"['成大綜合體育館', '體育館桌球場']",http://class-qry.acad.ncku.edu.tw/syllabus/syllabus.php?syear=0108&sem=2&co_no=A220210&class_code=9
(A2)體育室 OPE,A2-206,A220210-11,[OPE0006],"['2', '二年級體育（女生組）']",['講義'],"['桌球（男女）', '【男女合班】球具自備']",0,必修,['黃鈴雯'],['16/額滿'],[5]3~4,"['成大綜合體育館', '體育館桌球場']",http://class-qry.acad.ncku.edu.tw/syllabus/syllabus.php?syear=0108&sem=2&co_no=A220210&class_code=11
(A2)體育室 OPE,A2-207,A213200-1,[OPE0217],"['2', '二年級體育（女生組）']",['講義'],"['自由車（男女）', '【男女合班】安全帽自備']",0,必修,['施光隆'],['2/8'],[3]3~4,"['游泳池前', '游泳池前']",http://class-qry.acad.ncku.edu.tw/syllabus/syllabus.php?syear=0108&sem=2&co_no=A213200&class_code=1
(A2)體育室 OPE,A2-208,A213200-3,[OPE0217],"['2', '二年級體育（女生組）']",['講義'],"['自由車（男女）', '【男女合班】安全帽自備']",0,必修,['施光隆'],['2/8'],[3]5~6,"['游泳池前', '游泳池前']",http://class-qry.acad.ncku.edu.tw/syllabus/syllabus.php?syear=0108&sem=2&co_no=A213200&class_code=3
(A2)體育室 OPE,A2-209,A203911-3,[OPE0116],"['2', '二年級體育（女生組）']",['講義'],"['足球（男女）', '【男女合班】']",0,必修,['楊書銘'],['8/7'],[2]7~8,"['光復體育場', '光復體育場']",http://class-qry.acad.ncku.edu.tw/syllabus/syllabus.php?syear=0108&sem=2&co_no=A203911&class_code=3
(A2)體育室 OPE,A2-210,A242901-1,[OPE0016],"['2', '二年級體育（女生組）']",['講義'],['健康有氧（女）'],0,必修,['洪甄憶'],['46/額滿'],[1]5~6,"['健休體適能', '健休體適能']",http://class-qry.acad.ncku.edu.tw/syllabus/syllabus.php?syear=0108&sem=2&co_no=A242901&class_code=1
(A2)體育室 OPE,A2-211,A242901-2,[OPE0016],"['2', '二年級體育（女生組）']",['講義'],['健康有氧（女）'],0,必修,['洪甄憶'],['45/1'],[3]5~6,"['健休體適能', '健休體適能']",http://class-qry.acad.ncku.edu.tw/syllabus/syllabus.php?syear=0108&sem=2&co_no=A242901&class_code=2
(A2)體育室 OPE,A2-212,A203911-1,[OPE0116],"['2', '二年級體育（女生組）']",['講義'],"['足球（男女）', '【男女合班】']",0,必修,['楊書銘'],['18/2'],[2]9~A,"['光復體育場', '光復體育場']",http://class-qry.acad.ncku.edu.tw/syllabus/syllabus.php?syear=0108&sem=2&co_no=A203911&class_code=1
(A2)體育室 OPE,A2-213,A2064A1-1,[OPE0027],"['2', '二年級體育（女生組）']",['講義'],"['有氧舞蹈（男女）', '【男女合班】需穿著室內（乾淨）運動鞋']",0,必修,['林桂珍'],['27/5'],[5]3~4,"['自強韻律室', '自強韻律室']",http://class-qry.acad.ncku.edu.tw/syllabus/syllabus.php?syear=0108&sem=2&co_no=A2064A1&class_code=1
(A2)體育室 OPE,A2-214,A2064A1-3,[OPE0027],"['2', '二年級體育（女生組）']",['講義'],"['有氧舞蹈（男女）', '【男女合班】需穿著室內（乾淨）運動鞋']",0,必修,['林桂珍'],['25/1'],[5]5~6,"['自強韻律室', '自強韻律室']",http://class-qry.acad.ncku.edu.tw/syllabus/syllabus.php?syear=0108&sem=2&co_no=A2064A1&class_code=3
(A2)體育室 OPE,A2-215,A223802-1,[OPE0037],"['2', '二年級體育（女生組）']",['講義'],"['瑜伽（女）', '大毛巾或舖巾自備']",0,必修,['洪甄憶'],['46/額滿'],[2]5~6,"['健休韻律教室', '健休韻律教室']",http://class-qry.acad.ncku.edu.tw/syllabus/syllabus.php?syear=0108&sem=2&co_no=A223802&class_code=1
(A2)體育室 OPE,A2-216,A223801-1,[OPE0039],"['2', '二年級體育（女生組）']",['講義'],"['瑜伽（男女）', '【男女合班】大毛巾或舖巾自備']",0,必修,['洪甄憶'],['22/額滿'],[3]3~4,"['健休韻律教室', '健休韻律教室']",http://class-qry.acad.ncku.edu.tw/syllabus/syllabus.php?syear=0108&sem=2&co_no=A223801&class_code=1
(A2)體育室 OPE,A2-220,A216000-2,[OPE0051],"['2', '二年級體育（女生組）']",['講義'],['飛輪有氧（女）'],0,必修,['彭怡千'],['37/額滿'],[2]9~A,"['飛輪教室', '飛輪教室']",http://class-qry.acad.ncku.edu.tw/syllabus/syllabus.php?syear=0108&sem=2&co_no=A216000&class_code=2
(A2)體育室 OPE,A2-222,A216000-1,[OPE0051],"['2', '二年級體育（女生組）']",['講義'],['飛輪有氧（女）'],0,必修,['彭怡千'],['37/額滿'],[4]5~6,"['飛輪教室', '飛輪教室']",http://class-qry.acad.ncku.edu.tw/syllabus/syllabus.php?syear=0108&sem=2&co_no=A216000&class_code=1
(A2)體育室 OPE,A2-223,A215700-1,[OPE0282],"['2', '二年級體育（女生組）']",['講義'],"['飛輪有氧（男女）', '【男女合班】']",0,必修,['彭怡千'],['16/額滿'],[3]9~A,"['飛輪教室', '飛輪教室']",http://class-qry.acad.ncku.edu.tw/syllabus/syllabus.php?syear=0108&sem=2&co_no=A215700&class_code=1
(A2)體育室 OPE,A2-224,A216000-3,[OPE0051],"['2', '二年級體育（女生組）']",['講義'],['飛輪有氧（女）'],0,必修,['林欣仕'],['37/額滿'],[4]9~A,"['飛輪教室', '飛輪教室']",http://class-qry.acad.ncku.edu.tw/syllabus/syllabus.php?syear=0108&sem=2&co_no=A216000&class_code=3
(A2)體育室 OPE,A2-226,A225200-1,[OPE0036],"['2', '二年級體育（女生組）']",['講義'],"['拳擊有氧（男女）', '【男女合班】需穿著室內（乾淨）運動鞋']",0,必修,['許又文'],['21/額滿'],[3]5~6,"['健休韻律教室', '健休韻律教室']",http://class-qry.acad.ncku.edu.tw/syllabus/syllabus.php?syear=0108&sem=2&co_no=A225200&class_code=1
(A2)體育室 OPE,A2-227,A226500-1,[OPE33],"['2', '二年級體育（女生組）']",['講義'],"['拳擊健身（男女）', '【男女合班】自備拳擊手套及綁帶']",0,必修,['黃鴻鈞'],['17/額滿'],[3]3~4,"['成大綜合體育館', '體育館桌球場']",http://class-qry.acad.ncku.edu.tw/syllabus/syllabus.php?syear=0108&sem=2&co_no=A226500&class_code=1
(A2)體育室 OPE,A2-228,A226500-3,[OPE33],"['2', '二年級體育（女生組）']",['講義'],"['拳擊健身（男女）', '【男女合班】自備拳擊手套及綁帶']",0,必修,['黃鴻鈞'],['15/額滿'],[3]5~6,"['成大綜合體育館', '體育館桌球場']",http://class-qry.acad.ncku.edu.tw/syllabus/syllabus.php?syear=0108&sem=2&co_no=A226500&class_code=3
(A2)體育室 OPE,A2-233,A2057B0-1,[OPE0103],"['2', '二年級體育（女生組）']",['講義'],"['軟網（女）', '球具自備']",0,必修,['王苓華'],['21/15'],[1]9~A,"['敬業網球場', '敬業網球場']",http://class-qry.acad.ncku.edu.tw/syllabus/syllabus.php?syear=0108&sem=2&co_no=A2057B0&class_code=1
(A2)體育室 OPE,A2-234,A2036B0,[OPE0101],"['2', '二年級體育（女生組）']",['講義'],"['硬網（女）', '球具自備']",0,必修,['王苓華'],['23/13'],[2]9~A,"['敬業網球場', '敬業網球場']",http://class-qry.acad.ncku.edu.tw/syllabus/syllabus.php?syear=0108&sem=2&co_no=A2036B0&class_code=
(A2)體育室 OPE,A2-239,A222900-7,[OPE0003],"['2', '二年級體育（女生組）']",['講義'],"['羽球（男女）', '【男女合班】球具自備']",0,必修,['蔡佳良'],['21/1'],[1]5~6,"['成大綜合體育館', '體育館羽球場']",http://class-qry.acad.ncku.edu.tw/syllabus/syllabus.php?syear=0108&sem=2&co_no=A222900&class_code=7
(A2)體育室 OPE,A2-240,A222900-1,[OPE0003],"['2', '二年級體育（女生組）']",['講義'],"['羽球（男女）', '【男女合班】球具自備']",0,必修,['黃鈴雯'],['22/2'],[2]5~6,"['成大綜合體育館', '體育館羽球場']",http://class-qry.acad.ncku.edu.tw/syllabus/syllabus.php?syear=0108&sem=2&co_no=A222900&class_code=1
(A2)體育室 OPE,A2-241,A222900-3,[OPE0003],"['2', '二年級體育（女生組）']",['講義'],"['羽球（男女）', '【男女合班】球具自備']",0,必修,['馬上鈞'],['21/額滿'],[3]5~6,"['成大綜合體育館', '體育館羽球場']",http://class-qry.acad.ncku.edu.tw/syllabus/syllabus.php?syear=0108&sem=2&co_no=A222900&class_code=3
(A2)體育室 OPE,A2-243,A223000-1,[OPE0113],"['2', '二年級體育（女生組）']",['講義'],"['高爾夫（男女）', '【男女合班】']",0,必修,['彭怡千'],['20/2'],[2]5~6,"['自強橄欖球場', '自強橄欖球場']",http://class-qry.acad.ncku.edu.tw/syllabus/syllabus.php?syear=0108&sem=2&co_no=A223000&class_code=1
(A2)體育室 OPE,A2-244,A223000-3,[OPE0113],"['2', '二年級體育（女生組）']",['講義'],"['高爾夫（男女）', '【男女合班】']",0,必修,['彭怡千'],['16/額滿'],[4]3~4,"['自強橄欖球場', '自強橄欖球場']",http://class-qry.acad.ncku.edu.tw/syllabus/syllabus.php?syear=0108&sem=2&co_no=A223000&class_code=3
(A2)體育室 OPE,A2-246,A2040F0,[OPE0106],"['2', '二年級體育（女生組）']",['講義'],['排球（女）'],0,必修,['黃賢哲'],['40/6'],[5]5~6,"['中正堂', '中正堂綜合球場']",http://class-qry.acad.ncku.edu.tw/syllabus/syllabus.php?syear=0108&sem=2&co_no=A2040F0&class_code=
(A2)體育室 OPE,A2-247,A2040A1-1,[OPE0107],"['2', '二年級體育（女生組）']",['講義'],"['排球（男女）', '【男女合班】']",0,必修,['黃賢哲'],['21/額滿'],[5]3~4,"['中正堂', '中正堂綜合球場']",http://class-qry.acad.ncku.edu.tw/syllabus/syllabus.php?syear=0108&sem=2&co_no=A2040A1&class_code=1
(A2)體育室 OPE,A2-248,A222900-9,[OPE0003],"['2', '二年級體育（女生組）']",['講義'],"['羽球（男女）', '【男女合班】球具自備']",0,必修,['黃鈴雯'],['20/額滿'],[5]5~6,"['成大綜合體育館', '體育館羽球場']",http://class-qry.acad.ncku.edu.tw/syllabus/syllabus.php?syear=0108&sem=2&co_no=A222900&class_code=9
(A2)體育室 OPE,A2-249,A2044A0,[OPE0028],"['2', '二年級體育（女生組）']",['講義'],"['韻律（女）', '需穿著室內（乾淨）運動鞋']",0,必修,['高華君'],['48/額滿'],[3]5~6,"['自強韻律室', '自強韻律室']",http://class-qry.acad.ncku.edu.tw/syllabus/syllabus.php?syear=0108&sem=2&co_no=A2044A0&class_code=
(A2)體育室 OPE,A2-250,A2044A0-2,[OPE0028],"['5', '二年級體育（女生組）']",['講義'],"['韻律（女）', '需穿著室內（乾淨）運動鞋']",0,必修,['高華君'],['31/15'],[4]3~4,"['自強韻律室', '自強韻律室']",http://class-qry.acad.ncku.edu.tw/syllabus/syllabus.php?syear=0108&sem=2&co_no=A2044A0&class_code=2
(A2)體育室 OPE,A2-252,A213700,[OPE0400],"['6', '二年級體育（女生組）']",['講義'],"['適應體適能', '【男女合班】請於開學前持診斷證明書洽開課教師選課']",0,必修,['黃彥慈'],['6/洽體育室'],[2]9~A,"['健休體適能', '健休體適能']",http://class-qry.acad.ncku.edu.tw/syllabus/syllabus.php?syear=0108&sem=2&co_no=A213700&class_code=
(A2)體育室 OPE,A2-257,A2044C1-1,[OPE0110],"['2', '二年級體育（女生組）']",['講義'],"['籃球（男女）', '【男女合班】']",0,必修,['黃彥慈'],['14/1'],[2]5~6,"['光復籃球低場', '光復籃球低場']",http://class-qry.acad.ncku.edu.tw/syllabus/syllabus.php?syear=0108&sem=2&co_no=A2044C1&class_code=1
(A2)體育室 OPE,A2-258,A2073B0-1,[OPE0011],"['2', '二年級體育（女生組）']",['講義'],['體適能運動（女）'],0,必修,['黃彥慈'],['47/額滿'],[3]3~4,"['健休體適能', '健休體適能']",http://class-qry.acad.ncku.edu.tw/syllabus/syllabus.php?syear=0108&sem=2&co_no=A2073B0&class_code=1
(A2)體育室 OPE,A2-262,A210200-1,[OPE0012],"['2', '二年級體育（女生組）']",['講義'],"['體適能運動（男女）', '【男女合班】']",0,必修,['林欣仕'],['14/2'],[5]3~4,"['健休體適能', '健休體適能']",http://class-qry.acad.ncku.edu.tw/syllabus/syllabus.php?syear=0108&sem=2&co_no=A210200&class_code=1
(A2)體育室 OPE,A2-263,A210200-3,[OPE0012],['二年級體育（女生組）'],['講義'],"['體適能運動（男女）', '男女合班', '非同步遠距課程']",0,必修,['彭怡千'],['8/洽體育室'],[5]9~A,,http://class-qry.acad.ncku.edu.tw/syllabus/syllabus.php?syear=0108&sem=2&co_no=A210200&class_code=3
(A2)體育室 OPE,A2-264,A211100-1,[OPE0048],"['2', '二年級體育（女生組）']",['講義'],"['太極拳（男女）', '【男女合班】']",0,必修,['高華君'],['25/2'],[4]1~2,"['自強韻律室', '自強韻律室']",http://class-qry.acad.ncku.edu.tw/syllabus/syllabus.php?syear=0108&sem=2&co_no=A211100&class_code=1
(A2)體育室 OPE,A2-265,A222800-1,[OPE0045],"['2', '二年級體育（女生組）']",['講義'],"['國際標準舞（男女）', '英語授課', '【男女合班】需穿著室內（乾淨）運動鞋']",0,必修,['鄭匡佑'],['19/4'],[2]5~6,"['自強韻律室', '自強韻律室']",http://class-qry.acad.ncku.edu.tw/syllabus/syllabus.php?syear=0108&sem=2&co_no=A222800&class_code=1
(A2)體育室 OPE,A2-266,A223601-1,[OPE0042],"['2', '二年級體育（女生組）']",['講義'],"['國術（男女）', '【男女合班】需穿著室內（乾淨）運動鞋']",0,必修,['許又文'],['26/額滿'],[5]3~4,"['健休韻律教室', '健休韻律教室']",http://class-qry.acad.ncku.edu.tw/syllabus/syllabus.php?syear=0108&sem=2&co_no=A223601&class_code=1
(A2)體育室 OPE,A2-269,A226101-1,[OPE0219],"['2', '二年級體育（女生組）']",['講義'],"['撞球（男女）', '【男女合班】']",0,必修,['黃彥慈'],['20/額滿'],[4]5~6,"['健休視聽室', '健休視聽室']",http://class-qry.acad.ncku.edu.tw/syllabus/syllabus.php?syear=0108&sem=2&co_no=A226101&class_code=1
(A2)體育室 OPE,A2-301,A220210-2,[OPE0006],"['2', '二年級體育（男生組）']",['講義'],"['桌球（男女）', '【男女合班】球具自備']",0,必修,['邱宏達'],['24/額滿'],[2]5~6,"['成大綜合體育館', '體育館桌球場']",http://class-qry.acad.ncku.edu.tw/syllabus/syllabus.php?syear=0108&sem=2&co_no=A220210&class_code=2
(A2)體育室 OPE,A2-302,A220210-4,[OPE0006],"['2', '二年級體育（男生組）']",['講義'],"['桌球（男女）', '【男女合班】球具自備']",0,必修,['徐珊惠'],['23/8'],[4]3~4,"['成大綜合體育館', '體育館桌球場']",http://class-qry.acad.ncku.edu.tw/syllabus/syllabus.php?syear=0108&sem=2&co_no=A220210&class_code=4
(A2)體育室 OPE,A2-303,A220210-6,[OPE0006],"['2', '二年級體育（男生組）']",['講義'],"['桌球（男女）', '【男女合班】球具自備']",0,必修,['徐珊惠'],['29/2'],[4]5~6,"['成大綜合體育館', '體育館桌球場']",http://class-qry.acad.ncku.edu.tw/syllabus/syllabus.php?syear=0108&sem=2&co_no=A220210&class_code=6
(A2)體育室 OPE,A2-304,A220210-8,[OPE0006],"['2', '二年級體育（男生組）']",['講義'],"['桌球（男女）', '【男女合班】球具自備']",0,必修,['徐珊惠'],['31/額滿'],[5]5~6,"['成大綜合體育館', '體育館桌球場']",http://class-qry.acad.ncku.edu.tw/syllabus/syllabus.php?syear=0108&sem=2&co_no=A220210&class_code=8
(A2)體育室 OPE,A2-305,A220210-10,[OPE0006],"['2', '二年級體育（男生組）']",['講義'],"['桌球（男女）', '【男女合班】球具自備']",0,必修,['陳敬能'],['25/額滿'],[1]5~6,"['成大綜合體育館', '體育館桌球場']",http://class-qry.acad.ncku.edu.tw/syllabus/syllabus.php?syear=0108&sem=2&co_no=A220210&class_code=10
(A2)體育室 OPE,A2-306,A220210-12,[OPE0006],"['2', '二年級體育（男生組）']",['講義'],"['桌球（男女）', '【男女合班】球具自備']",0,必修,['黃鈴雯'],['31/1'],[5]3~4,"['成大綜合體育館', '體育館桌球場']",http://class-qry.acad.ncku.edu.tw/syllabus/syllabus.php?syear=0108&sem=2&co_no=A220210&class_code=12
(A2)體育室 OPE,A2-307,A213200-2,[OPE0217],"['2', '二年級體育（男生組）']",['講義'],"['自由車（男女）', '【男女合班】安全帽自備']",0,必修,['施光隆'],['24/12'],[3]3~4,"['游泳池前', '游泳池前']",http://class-qry.acad.ncku.edu.tw/syllabus/syllabus.php?syear=0108&sem=2&co_no=A213200&class_code=2
(A2)體育室 OPE,A2-308,A213200-4,[OPE0217],"['2', '二年級體育（男生組）']",['講義'],"['自由車（男女）', '【男女合班】安全帽自備']",0,必修,['施光隆'],['33/3'],[3]5~6,"['游泳池前', '游泳池前']",http://class-qry.acad.ncku.edu.tw/syllabus/syllabus.php?syear=0108&sem=2&co_no=A213200&class_code=4
(A2)體育室 OPE,A2-309,A203911-4,[OPE0116],"['2', '二年級體育（男生組）']",['講義'],"['足球（男女）', '【男女合班】']",0,必修,['楊書銘'],['32/4'],[2]7~8,"['光復體育場', '光復體育場']",http://class-qry.acad.ncku.edu.tw/syllabus/syllabus.php?syear=0108&sem=2&co_no=A203911&class_code=4
(A2)體育室 OPE,A2-310,A2039M0-1,[OPE0114],"['2', '二年級體育（男生組）']",['講義'],['足球（男）'],0,必修,['王駿濠'],['34/12'],[4]9~A,"['光復體育場', '光復體育場']",http://class-qry.acad.ncku.edu.tw/syllabus/syllabus.php?syear=0108&sem=2&co_no=A2039M0&class_code=1
(A2)體育室 OPE,A2-311,A2039M0-2,[OPE0114],"['2', '二年級體育（男生組）']",['講義'],['足球（男）'],0,必修,['王駿濠'],['41/5'],[3]9~A,"['光復體育場', '光復體育場']",http://class-qry.acad.ncku.edu.tw/syllabus/syllabus.php?syear=0108&sem=2&co_no=A2039M0&class_code=2
(A2)體育室 OPE,A2-312,A203911-2,[OPE0116],"['2', '二年級體育（男生組）']",['講義'],"['足球（男女）', '【男女合班】']",0,必修,['楊書銘'],['28/2'],[2]9~A,"['光復體育場', '光復體育場']",http://class-qry.acad.ncku.edu.tw/syllabus/syllabus.php?syear=0108&sem=2&co_no=A203911&class_code=2
(A2)體育室 OPE,A2-313,A2064A1-2,[OPE0027],"['2', '二年級體育（男生組）']",['講義'],"['有氧舞蹈（男女）', '【男女合班】需穿著室內（乾淨）運動鞋']",0,必修,['林桂珍'],['11/3'],[5]3~4,"['自強韻律室', '自強韻律室']",http://class-qry.acad.ncku.edu.tw/syllabus/syllabus.php?syear=0108&sem=2&co_no=A2064A1&class_code=2
(A2)體育室 OPE,A2-314,A2064A1-4,[OPE0027],"['2', '二年級體育（男生組）']",['講義'],"['有氧舞蹈（男女）', '【男女合班】需穿著室內（乾淨）運動鞋']",0,必修,['林桂珍'],['19/2'],[5]5~6,"['自強韻律室', '自強韻律室']",http://class-qry.acad.ncku.edu.tw/syllabus/syllabus.php?syear=0108&sem=2&co_no=A2064A1&class_code=4
(A2)體育室 OPE,A2-316,A223801-2,[OPE0039],"['2', '二年級體育（男生組）']",['講義'],"['瑜伽（男女）', '【男女合班】大毛巾或舖巾自備']",0,必修,['洪甄憶'],['25/額滿'],[3]3~4,"['健休韻律教室', '健休韻律教室']",http://class-qry.acad.ncku.edu.tw/syllabus/syllabus.php?syear=0108&sem=2&co_no=A223801&class_code=2
(A2)體育室 OPE,A2-317,A2036M0-3,[OPE0100],"['2', '二年級體育（男生組）']",['講義'],['硬網（男）'],0,必修,['李劍如'],['12/34'],[2]5~6,"['敬業網球場', '敬業網球場']",http://class-qry.acad.ncku.edu.tw/syllabus/syllabus.php?syear=0108&sem=2&co_no=A2036M0&class_code=3
(A2)體育室 OPE,A2-318,A226200-1,[OPE0224],"['2', '二年級體育（男生組）']",['講義'],['長距離跑（男）'],0,必修,['黃滄海'],['26/20'],[4]5~6,"['光操視聽室', '光操視聽室']",http://class-qry.acad.ncku.edu.tw/syllabus/syllabus.php?syear=0108&sem=2&co_no=A226200&class_code=1
(A2)體育室 OPE,A2-319,A226200-2,[OPE0224],"['2', '二年級體育（男生組）']",['講義'],['長距離跑（男）'],0,必修,['黃滄海'],['19/27'],[1]5~6,"['光操視聽室', '光操視聽室']",http://class-qry.acad.ncku.edu.tw/syllabus/syllabus.php?syear=0108&sem=2&co_no=A226200&class_code=2
(A2)體育室 OPE,A2-320,A2066A0-4,[OPE0010],"['2', '二年級體育（男生組）']",['講義'],['體適能運動（男）'],0,必修,['黃賢哲'],['21/25'],[3]5~6,"['中正堂', '中正堂綜合球場']",http://class-qry.acad.ncku.edu.tw/syllabus/syllabus.php?syear=0108&sem=2&co_no=A2066A0&class_code=4
(A2)體育室 OPE,A2-323,A215700-2,[OPE0282],"['2', '二年級體育（男生組）']",['講義'],"['飛輪有氧（男女）', '【男女合班】']",0,必修,['彭怡千'],['18/3'],[3]9~A,"['飛輪教室', '飛輪教室']",http://class-qry.acad.ncku.edu.tw/syllabus/syllabus.php?syear=0108&sem=2&co_no=A215700&class_code=2
(A2)體育室 OPE,A2-326,A225200-2,[OPE0036],"['2', '二年級體育（男生組）']",['講義'],"['拳擊有氧（男女）', '【男女合班】需穿著室內（乾淨）運動鞋']",0,必修,['許又文'],['24/1'],[3]5~6,"['健休韻律教室', '健休韻律教室']",http://class-qry.acad.ncku.edu.tw/syllabus/syllabus.php?syear=0108&sem=2&co_no=A225200&class_code=2
(A2)體育室 OPE,A2-327,A226500-2,[OPE33],"['2', '二年級體育（男生組）']",['講義'],"['拳擊健身（男女）', '【男女合班】自備拳擊手套及綁帶']",0,必修,['黃鴻鈞'],['31/額滿'],[3]3~4,"['成大綜合體育館', '體育館桌球場']",http://class-qry.acad.ncku.edu.tw/syllabus/syllabus.php?syear=0108&sem=2&co_no=A226500&class_code=2
(A2)體育室 OPE,A2-328,A226500-4,[OPE33],"['2', '二年級體育（男生組）']",['講義'],"['拳擊健身（男女）', '【男女合班】自備拳擊手套及綁帶']",0,必修,['黃鴻鈞'],['32/額滿'],[3]5~6,"['成大綜合體育館', '體育館桌球場']",http://class-qry.acad.ncku.edu.tw/syllabus/syllabus.php?syear=0108&sem=2&co_no=A226500&class_code=4
(A2)體育室 OPE,A2-329,A2055A0-1,[OPE0007],"['2', '二年級體育（男生組）']",['講義'],['健訓（男）'],0,必修,['王駿濠'],['46/1'],[5]5~6,"['光操健訓室', '光操健訓室']",http://class-qry.acad.ncku.edu.tw/syllabus/syllabus.php?syear=0108&sem=2&co_no=A2055A0&class_code=1
(A2)體育室 OPE,A2-330,A2055A0-2,[OPE0007],"['2', '二年級體育（男生組）']",['講義'],['健訓（男）'],0,必修,['黃鴻鈞'],['45/2'],[1]5~6,"['光操健訓室', '光操健訓室']",http://class-qry.acad.ncku.edu.tw/syllabus/syllabus.php?syear=0108&sem=2&co_no=A2055A0&class_code=2
(A2)體育室 OPE,A2-331,A2055A0-3,[OPE0007],"['2', '二年級體育（男生組）']",['講義'],['健訓（男）'],0,必修,['林欣仕'],['44/2'],[3]5~6,"['光操健訓室', '光操健訓室']",http://class-qry.acad.ncku.edu.tw/syllabus/syllabus.php?syear=0108&sem=2&co_no=A2055A0&class_code=3
(A2)體育室 OPE,A2-333,A2036M0-2,[OPE0100],"['2', '二年級體育（男生組）']",['講義'],"['硬網（男）', '球具自備']",0,必修,['馬上鈞'],['40/10'],[5]5~6,"['敬業網球場', '敬業網球場']",http://class-qry.acad.ncku.edu.tw/syllabus/syllabus.php?syear=0108&sem=2&co_no=A2036M0&class_code=2
(A2)體育室 OPE,A2-334,A2036M0-1,[OPE0100],"['2', '二年級體育（男生組）']",['講義'],"['硬網（男）', '球具自備']",0,必修,['李劍如'],['36/額滿'],[4]9~A,"['敬業網球場', '敬業網球場']",http://class-qry.acad.ncku.edu.tw/syllabus/syllabus.php?syear=0108&sem=2&co_no=A2036M0&class_code=1
(A2)體育室 OPE,A2-339,A222900-8,[OPE0003],"['2', '二年級體育（男生組）']",['講義'],"['羽球（男女）', '【男女合班】球具自備']",0,必修,['蔡佳良'],['26/額滿'],[1]5~6,"['成大綜合體育館', '體育館羽球場']",http://class-qry.acad.ncku.edu.tw/syllabus/syllabus.php?syear=0108&sem=2&co_no=A222900&class_code=8
(A2)體育室 OPE,A2-340,A222900-2,[OPE0003],"['2', '二年級體育（男生組）']",['講義'],"['羽球（男女）', '【男女合班】球具自備']",0,必修,['黃鈴雯'],['24/額滿'],[2]5~6,"['成大綜合體育館', '體育館羽球場']",http://class-qry.acad.ncku.edu.tw/syllabus/syllabus.php?syear=0108&sem=2&co_no=A222900&class_code=2
(A2)體育室 OPE,A2-341,A222900-4,[OPE0003],"['2', '二年級體育（男生組）']",['講義'],"['羽球（男女）', '【男女合班】球具自備']",0,必修,['馬上鈞'],['27/額滿'],[3]5~6,"['成大綜合體育館', '體育館羽球場']",http://class-qry.acad.ncku.edu.tw/syllabus/syllabus.php?syear=0108&sem=2&co_no=A222900&class_code=4
(A2)體育室 OPE,A2-343,A223000-2,[OPE0113],"['2', '二年級體育（男生組）']",['講義'],"['高爾夫（男女）', '【男女合班】']",0,必修,['彭怡千'],['25/額滿'],[2]5~6,"['自強橄欖球場', '自強橄欖球場']",http://class-qry.acad.ncku.edu.tw/syllabus/syllabus.php?syear=0108&sem=2&co_no=A223000&class_code=2
(A2)體育室 OPE,A2-344,A223000-4,[OPE0113],"['2', '二年級體育（男生組）']",['講義'],"['高爾夫（男女）', '【男女合班】']",0,必修,['彭怡千'],['30/額滿'],[4]3~4,"['自強橄欖球場', '自強橄欖球場']",http://class-qry.acad.ncku.edu.tw/syllabus/syllabus.php?syear=0108&sem=2&co_no=A223000&class_code=4
(A2)體育室 OPE,A2-345,A2040M0-1,[OPE0105],"['2', '二年級體育（男生組）']",['講義'],['排球（男）'],0,必修,['黃鴻鈞'],['25/25'],[2]5~6,"['光復排球場', '光復排球場']",http://class-qry.acad.ncku.edu.tw/syllabus/syllabus.php?syear=0108&sem=2&co_no=A2040M0&class_code=1
(A2)體育室 OPE,A2-346,A2040M0-2,[OPE0105],"['2', '二年級體育（男生組）']",['講義'],['排球（男）'],0,必修,['黃鴻鈞'],['49/1'],[5]5~6,"['光復排球場', '光復排球場']",http://class-qry.acad.ncku.edu.tw/syllabus/syllabus.php?syear=0108&sem=2&co_no=A2040M0&class_code=2
(A2)體育室 OPE,A2-347,A2040A1-2,[OPE0107],"['2', '二年級體育（男生組）']",['講義'],"['排球（男女）', '【男女合班】']",0,必修,['黃賢哲'],['26/額滿'],[5]3~4,"['中正堂', '中正堂綜合球場']",http://class-qry.acad.ncku.edu.tw/syllabus/syllabus.php?syear=0108&sem=2&co_no=A2040A1&class_code=2
(A2)體育室 OPE,A2-348,A222900-10,[OPE0003],"['7', '二年級體育（男生組）']",['講義'],"['羽球（男女）', '【男女合班】球具自備']",0,必修,['黃鈴雯'],['30/額滿'],[5]5~6,"['成大綜合體育館', '體育館羽球場']",http://class-qry.acad.ncku.edu.tw/syllabus/syllabus.php?syear=0108&sem=2&co_no=A222900&class_code=10
(A2)體育室 OPE,A2-349,A2042M0-1,[OPE0120],"['2', '二年級體育（男生組）']",['講義'],"['壘球（男）', '手套自備']",0,必修,['謝孟志'],['28/2'],[1]5~6,"['自強壘球場', '自強壘球場']",http://class-qry.acad.ncku.edu.tw/syllabus/syllabus.php?syear=0108&sem=2&co_no=A2042M0&class_code=1
(A2)體育室 OPE,A2-350,A2042M0-2,[OPE0120],"['2', '二年級體育（男生組）']",['講義'],"['壘球（男）', '手套自備']",0,必修,['謝孟志'],['30/額滿'],[2]5~6,"['自強壘球場', '自強壘球場']",http://class-qry.acad.ncku.edu.tw/syllabus/syllabus.php?syear=0108&sem=2&co_no=A2042M0&class_code=2
(A2)體育室 OPE,A2-351,A2042M0-3,[OPE0120],"['2', '二年級體育（男生組）']",['講義'],"['壘球（男）', '手套自備']",0,必修,['謝孟志'],['30/額滿'],[3]5~6,"['自強壘球場', '自強壘球場']",http://class-qry.acad.ncku.edu.tw/syllabus/syllabus.php?syear=0108&sem=2&co_no=A2042M0&class_code=3
(A2)體育室 OPE,A2-352,A2042M0-4,[OPE0120],"['2', '二年級體育（男生組）']",['講義'],"['壘球（男）', '手套自備']",0,必修,['謝孟志'],['29/1'],[4]5~6,"['自強壘球場', '自強壘球場']",http://class-qry.acad.ncku.edu.tw/syllabus/syllabus.php?syear=0108&sem=2&co_no=A2042M0&class_code=4
(A2)體育室 OPE,A2-354,A2043B0-1,[OPE0108],"['2', '二年級體育（男生組）']",['講義'],['籃球（男）'],0,必修,['黃彥慈'],['41/5'],[3]5~6,"['光復籃球低場', '光復籃球低場']",http://class-qry.acad.ncku.edu.tw/syllabus/syllabus.php?syear=0108&sem=2&co_no=A2043B0&class_code=1
(A2)體育室 OPE,A2-355,A2043B0-2,[OPE0108],"['2', '二年級體育（男生組）']",['講義'],['籃球（男）'],0,必修,['潘慧雯'],['49/1'],[1]9~A,"['光復籃球高場', '光復籃球高場']",http://class-qry.acad.ncku.edu.tw/syllabus/syllabus.php?syear=0108&sem=2&co_no=A2043B0&class_code=2
(A2)體育室 OPE,A2-356,A2043B0-3,[OPE0108],"['2', '二年級體育（男生組）']",['講義'],['籃球（男）'],0,必修,['潘慧雯'],['35/11'],[4]5~6,"['光復籃球低場', '光復籃球低場']",http://class-qry.acad.ncku.edu.tw/syllabus/syllabus.php?syear=0108&sem=2&co_no=A2043B0&class_code=3
(A2)體育室 OPE,A2-357,A2044C1-2,[OPE0110],"['2', '二年級體育（男生組）']",['講義'],"['籃球（男女）', '【男女合班】']",0,必修,['黃彥慈'],['31/額滿'],[2]5~6,"['光復籃球低場', '光復籃球低場']",http://class-qry.acad.ncku.edu.tw/syllabus/syllabus.php?syear=0108&sem=2&co_no=A2044C1&class_code=2
(A2)體育室 OPE,A2-358,A2066A0-1,[OPE0010],"['2', '二年級體育（男生組）']",['講義'],['體適能運動（男）'],0,必修,['潘慧雯'],['44/2'],[2]5~6,"['健休體適能', '健休體適能']",http://class-qry.acad.ncku.edu.tw/syllabus/syllabus.php?syear=0108&sem=2&co_no=A2066A0&class_code=1
(A2)體育室 OPE,A2-359,A2066A0-2,[OPE0010],"['2', '二年級體育（男生組）']",['講義'],['體適能運動（男）'],0,必修,['潘慧雯'],['25/21'],[4]3~4,"['健休體適能', '健休體適能']",http://class-qry.acad.ncku.edu.tw/syllabus/syllabus.php?syear=0108&sem=2&co_no=A2066A0&class_code=2
(A2)體育室 OPE,A2-360,A2066A0-3,[OPE0010],"['2', '二年級體育（男生組）']",['講義'],['體適能運動（男）'],0,必修,['潘慧雯'],['44/2'],[5]5~6,"['健休體適能', '健休體適能']",http://class-qry.acad.ncku.edu.tw/syllabus/syllabus.php?syear=0108&sem=2&co_no=A2066A0&class_code=3
(A2)體育室 OPE,A2-362,A210200-2,[OPE0012],"['2', '二年級體育（男生組）']",['講義'],"['體適能運動（男女）', '【男女合班】']",0,必修,['林欣仕'],['30/1'],[5]3~4,"['健休體適能', '健休體適能']",http://class-qry.acad.ncku.edu.tw/syllabus/syllabus.php?syear=0108&sem=2&co_no=A210200&class_code=2
(A2)體育室 OPE,A2-363,A210200-4,[OPE0012],['二年級體育（男生組）'],['講義'],"['體適能運動（男女）', '男女合班', '非同步遠距課程']",0,必修,['彭怡千'],['8/洽體育室'],[5]9~A,,http://class-qry.acad.ncku.edu.tw/syllabus/syllabus.php?syear=0108&sem=2&co_no=A210200&class_code=4
(A2)體育室 OPE,A2-364,A211100-2,[OPE0048],"['2', '二年級體育（男生組）']",['講義'],"['太極拳（男女）', '【男女合班】']",0,必修,['高華君'],['18/1'],[4]1~2,"['自強韻律室', '自強韻律室']",http://class-qry.acad.ncku.edu.tw/syllabus/syllabus.php?syear=0108&sem=2&co_no=A211100&class_code=2
(A2)體育室 OPE,A2-365,A222800-2,[OPE0045],"['2', '二年級體育（男生組）']",['講義'],"['國際標準舞（男女）', '【男女合班】需穿著室內（乾淨）運動鞋']",0,必修,['鄭匡佑'],['18/5'],[2]5~6,"['自強韻律室', '自強韻律室']",http://class-qry.acad.ncku.edu.tw/syllabus/syllabus.php?syear=0108&sem=2&co_no=A222800&class_code=2
(A2)體育室 OPE,A2-366,A223601-2,[OPE0042],"['2', '二年級體育（男生組）']",['講義'],"['國術（男女）', '【男女合班】需穿著室內（乾淨）運動鞋']",0,必修,['許又文'],['20/額滿'],[5]3~4,"['健休韻律教室', '健休韻律教室']",http://class-qry.acad.ncku.edu.tw/syllabus/syllabus.php?syear=0108&sem=2&co_no=A223601&class_code=2
(A2)體育室 OPE,A2-368,A226100,[OPE0218],"['2', '二年級體育（男生組）']",['講義'],['撞球（男）'],0,必修,['黃彥慈'],['40/額滿'],[4]3~4,"['健休視聽室', '健休視聽室']",http://class-qry.acad.ncku.edu.tw/syllabus/syllabus.php?syear=0108&sem=2&co_no=A226100&class_code=
(A2)體育室 OPE,A2-369,A226101-2,[OPE0219],"['2', '二年級體育（男生組）']",['講義'],"['撞球（男女）', '【男女合班】']",0,必修,['黃彥慈'],['20/額滿'],[4]5~6,"['健休視聽室', '健休視聽室']",http://class-qry.acad.ncku.edu.tw/syllabus/syllabus.php?syear=0108&sem=2&co_no=A226101&class_code=2
(A2)體育室 OPE,A2-402,A2416A0,[OPE1402],"['2', '不限年級體育（男女生組）']",['講義'],"['硬網（男、女）', '【男女合班，不可抵體育必修畢業學分】球具自備']",1,選修,['李劍如'],['22/14'],[3]9~A,"['敬業網球場', '敬業網球場']",http://class-qry.acad.ncku.edu.tw/syllabus/syllabus.php?syear=0108&sem=2&co_no=A2416A0&class_code=
(A2)體育室 OPE,A2-501,A220100,[OPE0501],['體育（校代表隊）'],['講義'],"['男子田徑校隊', '限現任校代表隊員選填']",0,必修,['林麗娟'],['3/47'],未定,"['光操視聽室', '光操視聽室']",http://class-qry.acad.ncku.edu.tw/syllabus/syllabus.php?syear=0108&sem=2&co_no=A220100&class_code=
(A2)體育室 OPE,A2-502,A220200,[OPE0502],['體育（校代表隊）'],['講義'],"['女子田徑校隊', '限現任校代表隊員選填']",0,必修,['黃滄海'],['7/43'],未定,"['光操視聽室', '光操視聽室']",http://class-qry.acad.ncku.edu.tw/syllabus/syllabus.php?syear=0108&sem=2&co_no=A220200&class_code=
(A2)體育室 OPE,A2-503,A220300,[OPE0503],['體育（校代表隊）'],['講義'],"['男子游泳校隊', '限現任校代表隊員選填']",0,必修,['洪甄憶'],['6/44'],未定,,http://class-qry.acad.ncku.edu.tw/syllabus/syllabus.php?syear=0108&sem=2&co_no=A220300&class_code=
(A2)體育室 OPE,A2-504,A220400,[OPE0504],['體育（校代表隊）'],['講義'],"['女子游泳校隊', '限現任校代表隊員選填']",0,必修,['周學雯'],['2/48'],未定,,http://class-qry.acad.ncku.edu.tw/syllabus/syllabus.php?syear=0108&sem=2&co_no=A220400&class_code=
(A2)體育室 OPE,A2-505,A220500,[OPE0505],['體育（校代表隊）'],['講義'],"['男子籃球校隊', '限現任校代表隊員選填']",0,必修,['潘慧雯'],['5/45'],未定,"['中正堂', '中正堂視聽室']",http://class-qry.acad.ncku.edu.tw/syllabus/syllabus.php?syear=0108&sem=2&co_no=A220500&class_code=
(A2)體育室 OPE,A2-506,A220600,[OPE0506],['體育（校代表隊）'],['講義'],"['女子籃球校隊', '限現任校代表隊員選填']",0,必修,"['高華君', '林欣仕']",['7/43'],未定,"['中正堂', '中正堂視聽室']",http://class-qry.acad.ncku.edu.tw/syllabus/syllabus.php?syear=0108&sem=2&co_no=A220600&class_code=
(A2)體育室 OPE,A2-507,A220700,[OPE0507],['體育（校代表隊）'],['講義'],"['男子排球校隊', '限現任校代表隊員選填']",0,必修,['黃鴻鈞'],['4/46'],未定,"['中正堂', '中正堂視聽室']",http://class-qry.acad.ncku.edu.tw/syllabus/syllabus.php?syear=0108&sem=2&co_no=A220700&class_code=
(A2)體育室 OPE,A2-508,A220800,[OPE0508],['體育（校代表隊）'],['講義'],"['女子排球校隊', '限現任校代表隊員選填']",0,必修,['黃賢哲'],['11/39'],未定,"['光操健訓室', '光操健訓室']",http://class-qry.acad.ncku.edu.tw/syllabus/syllabus.php?syear=0108&sem=2&co_no=A220800&class_code=
(A2)體育室 OPE,A2-509,A220900,[OPE0509],['體育（校代表隊）'],['講義'],"['足球校隊', '限現任校代表隊員選填']",0,必修,['王駿濠'],['8/42'],未定,"['光操視聽室', '光操視聽室']",http://class-qry.acad.ncku.edu.tw/syllabus/syllabus.php?syear=0108&sem=2&co_no=A220900&class_code=
(A2)體育室 OPE,A2-510,A221000,[OPE0510],['體育（校代表隊）'],['講義'],"['橄欖球校隊', '限現任校代表隊員選填']",0,必修,['莊博堯'],['10/40'],未定,,http://class-qry.acad.ncku.edu.tw/syllabus/syllabus.php?syear=0108&sem=2&co_no=A221000&class_code=
(A2)體育室 OPE,A2-511,A221100,[OPE0511],['體育（校代表隊）'],['講義'],"['棒球校隊', '限現任校代表隊員選填']",0,必修,"['黃彥慈', '彭怡千']",['10/40'],未定,,http://class-qry.acad.ncku.edu.tw/syllabus/syllabus.php?syear=0108&sem=2&co_no=A221100&class_code=
(A2)體育室 OPE,A2-512,A221200,[OPE0512],['體育（校代表隊）'],['講義'],"['男子桌球校隊', '限現任校代表隊員選填']",0,必修,['邱宏達'],['10/40'],未定,"['成大綜合體育館', '體育館桌球場']",http://class-qry.acad.ncku.edu.tw/syllabus/syllabus.php?syear=0108&sem=2&co_no=A221200&class_code=
(A2)體育室 OPE,A2-513,A221300,[OPE0513],['體育（校代表隊）'],['講義'],"['女子桌球校隊', '限現任校代表隊員選填']",0,必修,['徐珊惠'],['6/44'],未定,"['成大綜合體育館', '體育館桌球場']",http://class-qry.acad.ncku.edu.tw/syllabus/syllabus.php?syear=0108&sem=2&co_no=A221300&class_code=
(A2)體育室 OPE,A2-514,A221400,[OPE0514],['體育（校代表隊）'],['講義'],"['男子羽球校隊', '限現任校代表隊員選填']",0,必修,['涂國誠'],['12/38'],未定,"['成大綜合體育館', '體育館羽球場']",http://class-qry.acad.ncku.edu.tw/syllabus/syllabus.php?syear=0108&sem=2&co_no=A221400&class_code=
(A2)體育室 OPE,A2-515,A221500,[OPE0515],['體育（校代表隊）'],['講義'],"['女子羽球校隊', '限現任校代表隊員選填']",0,必修,['蔡佳良'],['12/38'],未定,"['成大綜合體育館', '體育館羽球場']",http://class-qry.acad.ncku.edu.tw/syllabus/syllabus.php?syear=0108&sem=2&co_no=A221500&class_code=
(A2)體育室 OPE,A2-516,A221800,[OPE0516],['體育（校代表隊）'],['講義'],"['男子硬網校隊', '限現任校代表隊員選填']",0,必修,['李劍如'],['5/45'],未定,,http://class-qry.acad.ncku.edu.tw/syllabus/syllabus.php?syear=0108&sem=2&co_no=A221800&class_code=
(A2)體育室 OPE,A2-517,A221900,[OPE0517],['體育（校代表隊）'],['講義'],"['女子硬網校隊', '限現任校代表隊員選填']",0,必修,['馬上鈞'],['6/44'],未定,,http://class-qry.acad.ncku.edu.tw/syllabus/syllabus.php?syear=0108&sem=2&co_no=A221900&class_code=
(A2)體育室 OPE,A2-518,A222000,[OPE0518],['體育（校代表隊）'],['講義'],"['男子軟網校隊', '限現任校代表隊員選填']",0,必修,['王苓華'],['0/50'],未定,,http://class-qry.acad.ncku.edu.tw/syllabus/syllabus.php?syear=0108&sem=2&co_no=A222000&class_code=
(A2)體育室 OPE,A2-519,A222100,[OPE0519],['體育（校代表隊）'],['講義'],"['女子軟網校隊', '限現任校代表隊員選修']",0,必修,['王苓華'],['2/48'],未定,,http://class-qry.acad.ncku.edu.tw/syllabus/syllabus.php?syear=0108&sem=2&co_no=A222100&class_code=
(A2)體育室 OPE,A2-520,A222600,[OPE0520],['體育（校代表隊）'],['講義'],"['男子壘球校隊', '限現任校代表隊員選填']",0,必修,['謝孟志'],['1/49'],未定,,http://class-qry.acad.ncku.edu.tw/syllabus/syllabus.php?syear=0108&sem=2&co_no=A222600&class_code=
(A2)體育室 OPE,A2-531,A216220,[OPE1700],['體育（校代表隊）'],['講義'],"['男子田徑校隊（二）', '限已修畢必修0學分，且限現任校代表隊員選填']",1,選修,['林麗娟'],['3/47'],未定,"['光操視聽室', '光操視聽室']",http://class-qry.acad.ncku.edu.tw/syllabus/syllabus.php?syear=0108&sem=2&co_no=A216220&class_code=
(A2)體育室 OPE,A2-532,A216320,[OPE1701],['體育（校代表隊）'],['講義'],"['女子田徑校隊（二）', '限已修畢必修0學分，且限現任校代表隊員選填']",1,選修,['黃滄海'],['2/48'],未定,"['光操視聽室', '光操視聽室']",http://class-qry.acad.ncku.edu.tw/syllabus/syllabus.php?syear=0108&sem=2&co_no=A216320&class_code=
(A2)體育室 OPE,A2-533,A216420,[OPE1702],['體育（校代表隊）'],['講義'],"['男子游泳校隊（二）', '限已修畢必修0學分，且限現任校代表隊員選填']",1,選修,['洪甄憶'],['1/49'],未定,"['成大綜合體育館', '體育館游泳池']",http://class-qry.acad.ncku.edu.tw/syllabus/syllabus.php?syear=0108&sem=2&co_no=A216420&class_code=
(A2)體育室 OPE,A2-534,A216520,[OPE1703],['體育（校代表隊）'],['講義'],"['女子游泳校隊（二）', '限已修畢必修0學分，且限現任校代表隊員選填']",1,選修,['周學雯'],['1/49'],未定,"['成大綜合體育館', '體育館游泳池']",http://class-qry.acad.ncku.edu.tw/syllabus/syllabus.php?syear=0108&sem=2&co_no=A216520&class_code=
(A2)體育室 OPE,A2-535,A216620,[OPE1704],['體育（校代表隊）'],['講義'],"['男子籃球校隊（二）', '限已修畢必修0學分，且限現任校代表隊員選填']",1,選修,['潘慧雯'],['3/47'],未定,"['中正堂', '中正堂視聽室']",http://class-qry.acad.ncku.edu.tw/syllabus/syllabus.php?syear=0108&sem=2&co_no=A216620&class_code=
(A2)體育室 OPE,A2-536,A216720,[OPE1705],['體育（校代表隊）'],['講義'],"['女子籃球校隊（二）', '限已修畢必修0學分，且限現任校代表隊員選填']",1,選修,"['高華君', '林欣仕']",['7/43'],未定,"['中正堂', '中正堂視聽室']",http://class-qry.acad.ncku.edu.tw/syllabus/syllabus.php?syear=0108&sem=2&co_no=A216720&class_code=
(A2)體育室 OPE,A2-537,A216820,[OPE1706],['體育（校代表隊）'],['講義'],"['男子排球校隊（二）', '限已修畢必修0學分，且限現任校代表隊員選填']",1,選修,['黃鴻鈞'],['3/47'],未定,"['光操視聽室', '光操視聽室']",http://class-qry.acad.ncku.edu.tw/syllabus/syllabus.php?syear=0108&sem=2&co_no=A216820&class_code=
(A2)體育室 OPE,A2-538,A216920,[OPE1707],['體育（校代表隊）'],['講義'],"['女子排球校隊（二）', '限已修畢必修0學分，且限現任校代表隊員選填']",1,選修,['黃賢哲'],['5/45'],未定,"['中正堂', '中正堂視聽室']",http://class-qry.acad.ncku.edu.tw/syllabus/syllabus.php?syear=0108&sem=2&co_no=A216920&class_code=
(A2)體育室 OPE,A2-539,A218120,[OPE1708],['體育（校代表隊）'],['講義'],"['足球校隊（二）', '限已修畢必修0學分，且限現任校代表隊員選填']",1,選修,['王駿濠'],['10/40'],未定,"['光操視聽室', '光操視聽室']",http://class-qry.acad.ncku.edu.tw/syllabus/syllabus.php?syear=0108&sem=2&co_no=A218120&class_code=
(A2)體育室 OPE,A2-540,A217020,[OPE1709],['體育（校代表隊）'],['講義'],"['橄欖球校隊（二）', '限已修畢必修0學分，且限現任校代表隊員選填']",1,選修,['莊博堯'],['3/47'],未定,,http://class-qry.acad.ncku.edu.tw/syllabus/syllabus.php?syear=0108&sem=2&co_no=A217020&class_code=
(A2)體育室 OPE,A2-541,A217120,[OPE1710],['體育（校代表隊）'],['講義'],"['棒球校隊（二）', '限已修畢必修0學分，且限現任校代表隊員選填']",1,選修,"['黃彥慈', '彭怡千']",['2/48'],未定,,http://class-qry.acad.ncku.edu.tw/syllabus/syllabus.php?syear=0108&sem=2&co_no=A217120&class_code=
(A2)體育室 OPE,A2-542,A217220,[OPE1711],['體育（校代表隊）'],['講義'],"['男子桌球校隊（二）', '限已修畢必修0學分，且限現任校代表隊員選填']",1,選修,['邱宏達'],['4/46'],未定,"['成大綜合體育館', '體育館桌球場']",http://class-qry.acad.ncku.edu.tw/syllabus/syllabus.php?syear=0108&sem=2&co_no=A217220&class_code=
(A2)體育室 OPE,A2-543,A217320,[OPE1712],['體育（校代表隊）'],['講義'],"['女子桌球校隊（二）', '限已修畢必修0學分，且限現任校代表隊員選填']",1,選修,['徐珊惠'],['2/48'],未定,"['成大綜合體育館', '體育館桌球場']",http://class-qry.acad.ncku.edu.tw/syllabus/syllabus.php?syear=0108&sem=2&co_no=A217320&class_code=
(A2)體育室 OPE,A2-544,A217420,[OPE1713],['體育（校代表隊）'],['講義'],"['男子羽球校隊（二）', '限已修畢必修0學分，且限現任校代表隊員選填']",1,選修,['涂國誠'],['5/45'],未定,"['成大綜合體育館', '體育館羽球場']",http://class-qry.acad.ncku.edu.tw/syllabus/syllabus.php?syear=0108&sem=2&co_no=A217420&class_code=
(A2)體育室 OPE,A2-545,A217520,[OPE1714],['體育（校代表隊）'],['講義'],"['女子羽球校隊（二）', '限已修畢必修0學分，且限現任校代表隊員選填']",1,選修,['蔡佳良'],['5/45'],未定,"['成大綜合體育館', '體育館羽球場']",http://class-qry.acad.ncku.edu.tw/syllabus/syllabus.php?syear=0108&sem=2&co_no=A217520&class_code=
(A2)體育室 OPE,A2-546,A217620,[OPE1715],['體育（校代表隊）'],['講義'],"['男子硬網校隊（二）', '限已修畢必修0學分，且限現任校代表隊員選填']",1,選修,['李劍如'],['4/46'],未定,,http://class-qry.acad.ncku.edu.tw/syllabus/syllabus.php?syear=0108&sem=2&co_no=A217620&class_code=
(A2)體育室 OPE,A2-547,A217720,[OPE1716],['體育（校代表隊）'],['講義'],"['女子硬網校隊（二）', '限已修畢必修0學分，且限現任校代表隊員選填']",1,選修,['馬上鈞'],['1/49'],未定,,http://class-qry.acad.ncku.edu.tw/syllabus/syllabus.php?syear=0108&sem=2&co_no=A217720&class_code=
(A2)體育室 OPE,A2-548,A217820,[OPE1717],['體育（校代表隊）'],['講義'],"['男子軟網校隊（二）', '限已修畢必修0學分，且限現任校代表隊員選填']",1,選修,['王苓華'],['0/50'],未定,,http://class-qry.acad.ncku.edu.tw/syllabus/syllabus.php?syear=0108&sem=2&co_no=A217820&class_code=
(A2)體育室 OPE,A2-549,A217920,[OPE1718],['體育（校代表隊）'],['講義'],"['女子軟網校隊（二）', '限已修畢必修0學分，且限現任校代表隊員選填']",1,選修,['王苓華'],['2/48'],未定,,http://class-qry.acad.ncku.edu.tw/syllabus/syllabus.php?syear=0108&sem=2&co_no=A217920&class_code=
(A2)體育室 OPE,A2-550,A218020,[OPE1719],['體育（校代表隊）'],['講義'],"['男子壘球校隊（二）', '限已修畢必修0學分，且限現任校代表隊員選填']",1,選修,['謝孟志'],['2/48'],未定,,http://class-qry.acad.ncku.edu.tw/syllabus/syllabus.php?syear=0108&sem=2&co_no=A218020&class_code=
(A2)體育室 OPE,A2-551,A218300,[OPE601],['體育（校代表隊）'],['講義'],"['非校代表隊甄審甄試生體育', '限非校代表甄審甄試生選讀']",0,必修,['邱宏達'],['1/9'],未定,,http://class-qry.acad.ncku.edu.tw/syllabus/syllabus.php?syear=0108&sem=2&co_no=A218300&class_code=
(A2)體育室 OPE,A2-561,A230220,[OPE1800],['體育（校代表隊）'],['講義'],"['非校代表隊甄審甄試生體育（二）', '限非校代表甄審甄試生選讀']",1,選修,['邱宏達'],['0/10'],未定,,http://class-qry.acad.ncku.edu.tw/syllabus/syllabus.php?syear=0108&sem=2&co_no=A230220&class_code=
(A2)體育室 OPE,A2-571,A218700,[OPE571],['體育（校代表隊）'],['講義'],"['大專運動競賽體育（男女）', '健休中心視廳教室，需審查選課資格，人工加簽辦理']",0,必修,['鄭匡佑'],['9/洽體育室'],[2],,http://class-qry.acad.ncku.edu.tw/syllabus/syllabus.php?syear=0108&sem=2&co_no=A218700&class_code=
(A3)軍訓室 MT,A3-101,A310600,[MT0093],[],['講義'],['全民國防教育軍事訓練－國防政策'],0,選修,"['呂兆祥*', '黃清松']",['74/1'],[2]5~6,"['軍訓館', '6022']",http://class-qry.acad.ncku.edu.tw/syllabus/syllabus.php?syear=0108&sem=2&co_no=A310600&class_code=
(A3)軍訓室 MT,A3-102,A310600-2,[MT0093],[],['講義'],['全民國防教育軍事訓練－國防政策'],0,選修,['陳國彬'],['52/10'],[2]1~2,"['軍訓館', '6022']",http://class-qry.acad.ncku.edu.tw/syllabus/syllabus.php?syear=0108&sem=2&co_no=A310600&class_code=2
(A3)軍訓室 MT,A3-103,A310600-1,[MT0093],[],['講義'],['全民國防教育軍事訓練－國防政策'],0,選修,['陳國彬'],['60/10'],[2]3~4,"['軍訓館', '6022']",http://class-qry.acad.ncku.edu.tw/syllabus/syllabus.php?syear=0108&sem=2&co_no=A310600&class_code=1
(A3)軍訓室 MT,A3-201,A310900-2,[MT0096],[],['講義'],['全民國防教育軍事訓練－國防科技'],0,選修,['蔡慧珍'],['60/5'],[2]1~2,"['軍訓館', '6021']",http://class-qry.acad.ncku.edu.tw/syllabus/syllabus.php?syear=0108&sem=2&co_no=A310900&class_code=2
(A3)軍訓室 MT,A3-202,A310900,[MT0096],[],['講義'],['全民國防教育軍事訓練－國防科技'],0,選修,['蔡慧珍'],['63/2'],[2]3~4,"['軍訓館', '6021']",http://class-qry.acad.ncku.edu.tw/syllabus/syllabus.php?syear=0108&sem=2&co_no=A310900&class_code=
(A3)軍訓室 MT,A3-204,A310900-3,[MT0096],[],['講義'],['全民國防教育軍事訓練－國防科技'],0,選修,['陳鈞宜'],['59/6'],[5]1~2,"['軍訓館', '6022']",http://class-qry.acad.ncku.edu.tw/syllabus/syllabus.php?syear=0108&sem=2&co_no=A310900&class_code=3
(A3)軍訓室 MT,A3-301,A310800-2,[MT0095],[],['講義'],['全民國防教育軍事訓練－防衛動員'],0,選修,"['盧麗君*', '蔡慧珍']",['48/2'],[3]7~8,"['軍訓館', '6022']",http://class-qry.acad.ncku.edu.tw/syllabus/syllabus.php?syear=0108&sem=2&co_no=A310800&class_code=2
(A3)軍訓室 MT,A3-302,A310800-3,[MT0095],[],['講義'],['全民國防教育軍事訓練－防衛動員'],0,選修,['盧麗君'],['49/1'],[3]3~4,"['軍訓館', '6022']",http://class-qry.acad.ncku.edu.tw/syllabus/syllabus.php?syear=0108&sem=2&co_no=A310800&class_code=3
(A3)軍訓室 MT,A3-303,A310800-1,[MT0095],[],['講義'],['全民國防教育軍事訓練－防衛動員'],0,選修,['盧麗君'],['49/1'],[3]5~6,"['軍訓館', '6022']",http://class-qry.acad.ncku.edu.tw/syllabus/syllabus.php?syear=0108&sem=2&co_no=A310800&class_code=1
(A3)軍訓室 MT,A3-304,A310800-4,[MT0095],[],['講義'],['全民國防教育軍事訓練－防衛動員'],0,選修,['黃清松'],['73/2'],[4]7~8,"['軍訓館', '6022']",http://class-qry.acad.ncku.edu.tw/syllabus/syllabus.php?syear=0108&sem=2&co_no=A310800&class_code=4
(A3)軍訓室 MT,A3-401,A310500-2,[MT0092],[],['講義'],['全民國防教育軍事訓練－國際情勢'],0,選修,['陳建良'],['63/2'],[3]7~8,"['軍訓館', '6021']",http://class-qry.acad.ncku.edu.tw/syllabus/syllabus.php?syear=0108&sem=2&co_no=A310500&class_code=2
(A3)軍訓室 MT,A3-402,A310500,[MT0092],[],['講義'],['全民國防教育軍事訓練－國際情勢'],0,選修,['陳建良'],['67/3'],[3]3~4,"['軍訓館', '6021']",http://class-qry.acad.ncku.edu.tw/syllabus/syllabus.php?syear=0108&sem=2&co_no=A310500&class_code=
(A3)軍訓室 MT,A3-404,A310500-3,[MT0092],[],['講義'],['全民國防教育軍事訓練－國際情勢'],0,選修,['鄭智元'],['61/9'],[4]3~4,"['軍訓館', '6022']",http://class-qry.acad.ncku.edu.tw/syllabus/syllabus.php?syear=0108&sem=2&co_no=A310500&class_code=3
(A3)軍訓室 MT,A3-405,A310500-4,[MT0092],[],['講義'],['全民國防教育軍事訓練－國際情勢'],0,選修,['鄭智元'],['70/額滿'],[4]5~6,"['軍訓館', '6022']",http://class-qry.acad.ncku.edu.tw/syllabus/syllabus.php?syear=0108&sem=2&co_no=A310500&class_code=4
(A3)軍訓室 MT,A3-501,A310700-1,[MT0094],[],['講義'],['全民國防教育軍事訓練－全民國防'],0,選修,['林承諭'],['50/額滿'],[4]3~4,"['軍訓館', '6021']",http://class-qry.acad.ncku.edu.tw/syllabus/syllabus.php?syear=0108&sem=2&co_no=A310700&class_code=1
(A3)軍訓室 MT,A3-502,A310700-4,[MT0094],[],['講義'],['全民國防教育軍事訓練－全民國防'],0,選修,['林承諭'],['48/3'],[4]5~6,"['軍訓館', '6021']",http://class-qry.acad.ncku.edu.tw/syllabus/syllabus.php?syear=0108&sem=2&co_no=A310700&class_code=4
(A4)師培中心 CTE,A4-201,A421000,[CTE2100],"['2', '學程']",['講義'],"['教學原理', '教育方法課程(6選3)。']",2,選修,['彭淑玲'],['27/8'],[4]7~8,"['雲平大樓', '27808']",http://class-qry.acad.ncku.edu.tw/syllabus/syllabus.php?syear=0108&sem=2&co_no=A421000&class_code=
(A4)師培中心 CTE,A4-202,A422000,[CTE2101],"['2', '學程']",['講義'],"['班級經營', '業界專家參與', '教育方法課程(6選3)。']",2,選修,['饒夢霞'],['41/24'],[1]5~6,"['雲平大樓', '27808']",http://class-qry.acad.ncku.edu.tw/syllabus/syllabus.php?syear=0108&sem=2&co_no=A422000&class_code=
(A4)師培中心 CTE,A4-203,A422200,[CTE2105],"['3', '學程']",['講義'],"['輔導原理與實務', '業界專家參與', '教育方法課程(6選3)。綜合活動領域必修。專門課程與教育專業課程學分不得重複採計。']",2,選修,['郭旭展'],['32/33'],[4]3~4,"['雲平大樓', '27808']",http://class-qry.acad.ncku.edu.tw/syllabus/syllabus.php?syear=0108&sem=2&co_no=A422200&class_code=
(A4)師培中心 CTE,A4-301,A413500,[CTE3100],['學程'],['講義'],"['國文／語文領域本國語文教學實習', '先修課程：國文/語文領域本國語文教材教法', '需先修以下科目:《國文／語文領域本國語文教材教法/必修/2.0', '學分/60', '分以上》']",2,必修,['仇小屏'],['7/49'],[5]5~6,"['中文系館', '21101']",http://class-qry.acad.ncku.edu.tw/syllabus/syllabus.php?syear=0108&sem=2&co_no=A413500&class_code=
(A4)師培中心 CTE,A4-302,A413700,[CTE3101],['學程'],['講義'],"['英文／語文領域英語教學實習', '先修課程：英文/語文領域英語教材教法', '需先修以下科目:《英文／語文領域英語教材教法/必修/2.0', '學分/60', '分以上》']",2,必修,['高實玫'],['7/25'],[4]3~4,"['修齊大樓', '26401']",http://class-qry.acad.ncku.edu.tw/syllabus/syllabus.php?syear=0108&sem=2&co_no=A413700&class_code=
(A4)師培中心 CTE,A4-303,A413900,[CTE3102],['學程'],['講義'],"['數學／數學領域教學實習', '先修課程：數學/數學領域教材教法', '需先修以下科目:《數學／數學領域教材教法/必修/2.0', '學分/60', '分以上》']",2,必修,['林景隆'],['11/24'],[4]3~4,"['數學系館', '3176']",http://class-qry.acad.ncku.edu.tw/syllabus/syllabus.php?syear=0108&sem=2&co_no=A413900&class_code=
(A4)師培中心 CTE,A4-304,A414100,[CTE3103],['學程'],['講義'],"['歷史／社會領域歷史教學實習', '先修課程：歷史/社會領域歷史教材教法。', '需先修以下科目:《歷史／社會領域歷史教材教法/必修/2.0', '學分/60', '分以上》']",2,必修,"['張勝柏', '許宏彬']",['13/額滿'],[3]5~6,"['歷史系館', '25240']",http://class-qry.acad.ncku.edu.tw/syllabus/syllabus.php?syear=0108&sem=2&co_no=A414100&class_code=
(A4)師培中心 CTE,A4-306,A414500,[CTE3105],['學程'],['講義'],"['化學／自然與生活科技化學教學實習', '先修課程：化學/自然與生活科技化學教材教法', '需先修以下科目:《化學／自然與生活科技化學教材教法/必修/2.0', '學分/60', '分以上》']",2,必修,['黃守仁'],['1/34'],[4]7~8,"['理學教學大樓', '36208']",http://class-qry.acad.ncku.edu.tw/syllabus/syllabus.php?syear=0108&sem=2&co_no=A414500&class_code=
(A4)師培中心 CTE,A4-307,A414700,[CTE3106],"['7', '學程']",['講義'],"['生物／自然與生活科技生物教學實習', '先修課程：生物科教材教法', '需先修以下科目:《生物／自然與生活科技生物教材教法/必修/2.0', '學分/60', '分以上》']",2,必修,['陳少燕'],['4/61'],[5]1~2,"['雲平大樓', 'e化創新教室']",http://class-qry.acad.ncku.edu.tw/syllabus/syllabus.php?syear=0108&sem=2&co_no=A414700&class_code=
(A4)師培中心 CTE,A4-308,A445300,[CTE3116],['學程'],['講義'],"['公民與社會/社會領域公民教學實習', '業界專家參與', '先修課程：公民與社會/社會領域公民教材教法', '需先修以下科目:《公民與社會/社會領域公民教材教法/必修/2.0', '學分/60', '分以上》']",2,必修,['葉婉如'],['5/25'],[3]5~6,"['社科院大樓', '80109']",http://class-qry.acad.ncku.edu.tw/syllabus/syllabus.php?syear=0108&sem=2&co_no=A445300&class_code=
(A4)師培中心 CTE,A4-309,A415200,[CTE3110],"['7', '學程']",['講義'],"['綜合活動領域輔導活動教學實習', '先修課程：綜合活動領域輔導活動教材教法。', '需先修以下科目:《綜合活動領域輔導活動教材教法/必修/2.0', '學分/60', '分以上》']",2,必修,['洪素蘋'],['2/63'],[4]5~6,"['雲平大樓', 'e化創新教室']",http://class-qry.acad.ncku.edu.tw/syllabus/syllabus.php?syear=0108&sem=2&co_no=A415200&class_code=
(A4)師培中心 CTE,A4-310,A414900,[CTE3107],['學程'],['講義'],"['地球科學／自然與生活科技地球科學教學實習', '先修課程：地球科學/自然與生活科技地球科學教材教法', '需先修以下科目:《地球科學／自然與生活科技地球科學教材教法/必修/2.0', '學分/60', '分以上》']",2,必修,['楊懷仁'],['4/36'],[3]7~8,"['地科系館', '3031']",http://class-qry.acad.ncku.edu.tw/syllabus/syllabus.php?syear=0108&sem=2&co_no=A414900&class_code=
(A4)師培中心 CTE,A4-402,A416301,[CTE2259],"['1', '學程']",['講義'],"['學習與教學', '建議先選修先備課程「教育心理學」']",2,選修,['彭淑玲'],['14/21'],[2]3~4,"['雲平大樓', 'e化創新教室']",http://class-qry.acad.ncku.edu.tw/syllabus/syllabus.php?syear=0108&sem=2&co_no=A416301&class_code=
(A4)師培中心 CTE,A4-403,A445900,[CTE2253],"['1', '學程']",['講義'],"['教學方法與策略', '業界專家參與']",2,選修,['楊琬琳'],['16/19'],[2]5~6,"['雲平大樓', 'e化創新教室']",http://class-qry.acad.ncku.edu.tw/syllabus/syllabus.php?syear=0108&sem=2&co_no=A445900&class_code=
(A4)師培中心 CTE,A4-405,A417000,[CTE2270],"['1', '學程']",['講義'],"['教育議題專題', '必選。建議先修先備課程「課程發展與設計」、「教學原理」或「教學方法與策略」任一門。']",2,選修,['洪素蘋'],['55/44'],[1]2~3,"['唯農大樓', '許文龍講堂']",http://class-qry.acad.ncku.edu.tw/syllabus/syllabus.php?syear=0108&sem=2&co_no=A417000&class_code=
(A4)師培中心 CTE,A4-408,A429600,[CTE2262],"['1', '學程']",['講義'],['學校輔導工作'],2,選修,['鄭淑惠'],['12/53'],[3]7~8,"['雲平大樓', '27808']",http://class-qry.acad.ncku.edu.tw/syllabus/syllabus.php?syear=0108&sem=2&co_no=A429600&class_code=
(A4)師培中心 CTE,A4-415,A418000,[CTE3119],"['1', '學程']",['講義'],['藝術生活科-表演藝術教學實習'],2,必修,['陳佳彬'],['1/14'],[5]5~6,"['藝術所', '5452']",http://class-qry.acad.ncku.edu.tw/syllabus/syllabus.php?syear=0108&sem=2&co_no=A418000&class_code=
(A4)師培中心 CTE,,A445400-Z,[CTE3216],"['1', '學程']",['講義'],['公民與社會/社會領域公民實習輔導'],1,必修,['林姿妤'],['0/洽師培中心'],未定,,"javascript:moodle('0108','2','A445400Z');"
(A4)師培中心 CTE,A4-420,A413000,[CTE2003],"['1', '學程']",['講義'],"['教育概論', '業界專家參與', '教育基礎課程(4選2)']",2,選修,['楊琬琳'],['26/9'],[1]7~8,"['雲平大樓', 'e化創新教室']",http://class-qry.acad.ncku.edu.tw/syllabus/syllabus.php?syear=0108&sem=2&co_no=A413000&class_code=
(A4)師培中心 CTE,A4-421,A430700,[CTE2001],"['1', '學程']",['講義'],"['教育哲學', '教育基礎課程（4選2）。']",2,選修,['湯堯'],['23/42'],[2]5~6,"['雲平大樓', '27808']",http://class-qry.acad.ncku.edu.tw/syllabus/syllabus.php?syear=0108&sem=2&co_no=A430700&class_code=
(A4)師培中心 CTE,A4-422,A417400,[CTE2271],"['1', '學程']",['講義'],['心理與教育測驗'],2,選修,['洪素蘋'],['37/28'],[2]7~8,"['雲平大樓', '27808']",http://class-qry.acad.ncku.edu.tw/syllabus/syllabus.php?syear=0108&sem=2&co_no=A417400&class_code=
(A4)師培中心 CTE,A4-423,A412200,[CTE2233],"['1', '學程']",['講義'],"['童軍教育', '綜合活動學習領域-童軍選修之一。']",2,選修,['朱朝煌'],['24/6'],[2]9~A,"['雲平大樓', 'e化創新教室']",http://class-qry.acad.ncku.edu.tw/syllabus/syllabus.php?syear=0108&sem=2&co_no=A412200&class_code=
(A4)師培中心 CTE,A4-424,A420600,[CTE2219],"['1', '學程']",['講義'],"['青少年心理學', '業界專家參與']",2,選修,['饒夢霞'],['13/52'],[3]1~2,"['雲平大樓', '27808']",http://class-qry.acad.ncku.edu.tw/syllabus/syllabus.php?syear=0108&sem=2&co_no=A420600&class_code=
(A4)師培中心 CTE,A4-425,A417300,[CTE2258],"['1', '學程']",['講義'],['補救教學'],2,選修,['陸偉明'],['23/42'],[3]5~6,"['雲平大樓', '27808']",http://class-qry.acad.ncku.edu.tw/syllabus/syllabus.php?syear=0108&sem=2&co_no=A417300&class_code=
(A4)師培中心 CTE,A4-426,A417500,[CTE4001],"['1', '學程']",['講義'],['生活科技概論'],3,選修,"['陳少燕*', '羅光耀', '黃守仁', '楊懷仁']",['4/31'],[1]2~4,"['雲平大樓', 'e化創新教室']",http://class-qry.acad.ncku.edu.tw/syllabus/syllabus.php?syear=0108&sem=2&co_no=A417500&class_code=
(A4)師培中心 CTE,A4-427,A417600,[CTE2272],"['1', '學程']",['講義'],"['人際關係與溝通', '業界專家參與']",2,選修,['郭旭展'],['59/6'],[4]5~6,"['雲平大樓', '27808']",http://class-qry.acad.ncku.edu.tw/syllabus/syllabus.php?syear=0108&sem=2&co_no=A417600&class_code=
(A4)師培中心 CTE,A4-428,A415600,[CTE3112],"['1', '學程']",['講義'],"['機械學群教學實習', '先修課程：機械學群教材教法']",2,必修,['施士塵'],['1/11'],[4]7~8,"['機械系館', '91C04']",http://class-qry.acad.ncku.edu.tw/syllabus/syllabus.php?syear=0108&sem=2&co_no=A415600&class_code=
(A4)師培中心 CTE,,A444000-Z,[CTE3201],"['1', '學程']",['講義'],['英文／語文領域英語實習輔導'],1,必修,['李惠琦'],['0/洽師培中心'],未定,,"javascript:moodle('0108','2','A444000Z');"
(A4)師培中心 CTE,,A443900-Z,[CTE3200],"['1', '學程']",['講義'],['國文／語文領域本國語文實習輔導'],1,必修,"['黃聖松*', '仇小屏', '蘇敏逸']",['0/洽師培中心'],未定,,"javascript:moodle('0108','2','A443900Z');"
(A4)師培中心 CTE,A4-431,A418300,[CTE3120],"['1', '學程']",['講義'],"['音樂科-教學實習', '新增先修課程：音樂科－教材教法']",2,必修,['翁志文'],['0/15'],[4]1~2,,http://class-qry.acad.ncku.edu.tw/syllabus/syllabus.php?syear=0108&sem=2&co_no=A418300&class_code=
